regiao,modo,mapa,pick,picks,vitorias,win_rate
EA,bounty,Dry Season,BULL,1,0,0.0%
EA,bounty,Dry Season,CROW,1,1,100.0%
EA,bounty,Dry Season,GRIFF,1,0,0.0%
EA,bounty,Dry Season,LEON,1,1,100.0%
EA,bounty,Dry Season,SPIKE,1,0,0.0%
EA,bounty,Dry Season,STU,1,1,100.0%
EA,bounty,Hideout,BELLE,5,4,80.0%
EA,bounty,Hideout,BO,1,1,100.0%
EA,bounty,Hideout,BROCK,2,0,0.0%
EA,bounty,Hideout,BYRON,5,1,20.0%
EA,bounty,Hideout,CHARLIE,4,3,75.0%
EA,bounty,Hideout,COLETTE,4,2,50.0%
EA,bounty,Hideout,CROW,2,0,0.0%
EA,bounty,Hideout,DAMIAN,1,0,0.0%
EA,bounty,Hideout,FANG,3,2,66.7%
EA,bounty,Hideout,GENE,7,4,57.1%
EA,bounty,Hideout,GLOWY,1,1,100.0%
EA,bounty,Hideout,GRAY,1,1,100.0%
EA,bounty,Hideout,GRIFF,2,1,50.0%
EA,bounty,Hideout,JAE-YONG,4,2,50.0%
EA,bounty,Hideout,KAZE,5,2,40.0%
EA,bounty,Hideout,KIT,3,3,100.0%
EA,bounty,Hideout,LEON,2,2,100.0%
EA,bounty,Hideout,LOLA,1,0,0.0%
EA,bounty,Hideout,LUMI,1,1,100.0%
EA,bounty,Hideout,MAX,2,0,0.0%
EA,bounty,Hideout,MEEPLE,1,0,0.0%
EA,bounty,Hideout,MICO,1,1,100.0%
EA,bounty,Hideout,MINA,2,2,100.0%
EA,bounty,Hideout,MORTIS,4,2,50.0%
EA,bounty,Hideout,NAJIA,1,0,0.0%
EA,bounty,Hideout,NANI,2,1,50.0%
EA,bounty,Hideout,OLLIE,2,1,50.0%
EA,bounty,Hideout,PIERCE,5,1,20.0%
EA,bounty,Hideout,PIPER,1,1,100.0%
EA,bounty,Hideout,POCO,1,0,0.0%
EA,bounty,Hideout,R-T,1,0,0.0%
EA,bounty,Hideout,RUFFS,3,1,33.3%
EA,bounty,Hideout,SIRIUS,2,2,100.0%
EA,bounty,Hideout,STU,2,0,0.0%
EA,bounty,Layer Cake,BELLE,1,1,100.0%
EA,bounty,Layer Cake,BROCK,1,0,0.0%
EA,bounty,Layer Cake,BULL,1,1,100.0%
EA,bounty,Layer Cake,BUSTER,1,0,0.0%
EA,bounty,Layer Cake,CARL,2,1,50.0%
EA,bounty,Layer Cake,CHARLIE,1,0,0.0%
EA,bounty,Layer Cake,CHESTER,1,1,100.0%
EA,bounty,Layer Cake,COLETTE,2,1,50.0%
EA,bounty,Layer Cake,CORDELIUS,1,1,100.0%
EA,bounty,Layer Cake,CROW,4,2,50.0%
EA,bounty,Layer Cake,DAMIAN,1,0,0.0%
EA,bounty,Layer Cake,EDGAR,2,0,0.0%
EA,bounty,Layer Cake,GENE,2,2,100.0%
EA,bounty,Layer Cake,GRIFF,2,1,50.0%
EA,bounty,Layer Cake,KAZE,2,1,50.0%
EA,bounty,Layer Cake,KENJI,3,1,33.3%
EA,bounty,Layer Cake,KIT,1,0,0.0%
EA,bounty,Layer Cake,LUMI,1,0,0.0%
EA,bounty,Layer Cake,MEEPLE,5,2,40.0%
EA,bounty,Layer Cake,MINA,2,1,50.0%
EA,bounty,Layer Cake,MORTIS,4,3,75.0%
EA,bounty,Layer Cake,NAJIA,2,2,100.0%
EA,bounty,Layer Cake,OTIS,1,0,0.0%
EA,bounty,Layer Cake,PIERCE,3,2,66.7%
EA,bounty,Layer Cake,RICO,1,1,100.0%
EA,bounty,Layer Cake,SIRIUS,1,1,100.0%
EA,bounty,Layer Cake,SPIKE,1,0,0.0%
EA,bounty,Layer Cake,SQUEAK,3,1,33.3%
EA,bounty,Layer Cake,STU,1,1,100.0%
EA,bounty,Layer Cake,ZIGGY,1,0,0.0%
EA,bounty,Shooting Star,8-BIT,1,1,100.0%
EA,bounty,Shooting Star,ANGELO,1,1,100.0%
EA,bounty,Shooting Star,BELLE,4,2,50.0%
EA,bounty,Shooting Star,BYRON,2,1,50.0%
EA,bounty,Shooting Star,CHARLIE,2,1,50.0%
EA,bounty,Shooting Star,DAMIAN,1,0,0.0%
EA,bounty,Shooting Star,EDGAR,2,0,0.0%
EA,bounty,Shooting Star,FANG,1,0,0.0%
EA,bounty,Shooting Star,GENE,5,1,20.0%
EA,bounty,Shooting Star,GUS,1,0,0.0%
EA,bounty,Shooting Star,JAE-YONG,2,1,50.0%
EA,bounty,Shooting Star,KAZE,3,2,66.7%
EA,bounty,Shooting Star,LEON,1,1,100.0%
EA,bounty,Shooting Star,MAX,1,1,100.0%
EA,bounty,Shooting Star,MINA,3,1,33.3%
EA,bounty,Shooting Star,MORTIS,3,3,100.0%
EA,bounty,Shooting Star,NAJIA,1,1,100.0%
EA,bounty,Shooting Star,NANI,5,1,20.0%
EA,bounty,Shooting Star,PENNY,2,1,50.0%
EA,bounty,Shooting Star,PIERCE,4,3,75.0%
EA,bounty,Shooting Star,R-T,5,3,60.0%
EA,bounty,Shooting Star,RUFFS,2,1,50.0%
EA,bounty,Shooting Star,SQUEAK,2,1,50.0%
EA,brawlBall,Backyard Bowl,8-BIT,2,2,100.0%
EA,brawlBall,Backyard Bowl,BROCK,1,0,0.0%
EA,brawlBall,Backyard Bowl,EVE,2,2,100.0%
EA,brawlBall,Backyard Bowl,FRANK,1,1,100.0%
EA,brawlBall,Backyard Bowl,GALE,1,0,0.0%
EA,brawlBall,Backyard Bowl,GRAY,1,0,0.0%
EA,brawlBall,Backyard Bowl,GRIFF,1,0,0.0%
EA,brawlBall,Backyard Bowl,LILY,1,1,100.0%
EA,brawlBall,Backyard Bowl,MANDY,1,0,0.0%
EA,brawlBall,Backyard Bowl,STU,1,0,0.0%
EA,brawlBall,Pinhole Punt,AMBER,1,0,0.0%
EA,brawlBall,Pinhole Punt,BUSTER,1,0,0.0%
EA,brawlBall,Pinhole Punt,BYRON,1,0,0.0%
EA,brawlBall,Pinhole Punt,CARL,1,1,100.0%
EA,brawlBall,Pinhole Punt,CHESTER,6,2,33.3%
EA,brawlBall,Pinhole Punt,COLETTE,2,0,0.0%
EA,brawlBall,Pinhole Punt,EDGAR,1,1,100.0%
EA,brawlBall,Pinhole Punt,EMZ,3,3,100.0%
EA,brawlBall,Pinhole Punt,FANG,1,1,100.0%
EA,brawlBall,Pinhole Punt,GALE,1,0,0.0%
EA,brawlBall,Pinhole Punt,JAE-YONG,1,0,0.0%
EA,brawlBall,Pinhole Punt,KENJI,3,1,33.3%
EA,brawlBall,Pinhole Punt,LEON,6,2,33.3%
EA,brawlBall,Pinhole Punt,LUMI,7,3,42.9%
EA,brawlBall,Pinhole Punt,MAISIE,1,1,100.0%
EA,brawlBall,Pinhole Punt,MEEPLE,7,3,42.9%
EA,brawlBall,Pinhole Punt,MINA,5,3,60.0%
EA,brawlBall,Pinhole Punt,MOE,2,1,50.0%
EA,brawlBall,Pinhole Punt,MORTIS,5,4,80.0%
EA,brawlBall,Pinhole Punt,NAJIA,2,2,100.0%
EA,brawlBall,Pinhole Punt,NITA,1,0,0.0%
EA,brawlBall,Pinhole Punt,OTIS,7,2,28.6%
EA,brawlBall,Pinhole Punt,PAM,2,1,50.0%
EA,brawlBall,Pinhole Punt,PIERCE,1,1,100.0%
EA,brawlBall,Pinhole Punt,POCO,1,0,0.0%
EA,brawlBall,Pinhole Punt,RUFFS,1,1,100.0%
EA,brawlBall,Pinhole Punt,SHADE,3,1,33.3%
EA,brawlBall,Pinhole Punt,SIRIUS,7,4,57.1%
EA,brawlBall,Pinhole Punt,SQUEAK,1,1,100.0%
EA,brawlBall,Pinhole Punt,STU,5,4,80.0%
EA,brawlBall,Pinhole Punt,TARA,1,0,0.0%
EA,brawlBall,Pinhole Punt,TRUNK,1,0,0.0%
EA,brawlBall,Pinhole Punt,ZIGGY,2,2,100.0%
EA,brawlBall,Sneaky Fields,BULL,3,3,100.0%
EA,brawlBall,Sneaky Fields,CHARLIE,2,1,50.0%
EA,brawlBall,Sneaky Fields,CHESTER,4,3,75.0%
EA,brawlBall,Sneaky Fields,COLETTE,1,0,0.0%
EA,brawlBall,Sneaky Fields,EDGAR,4,2,50.0%
EA,brawlBall,Sneaky Fields,EMZ,2,2,100.0%
EA,brawlBall,Sneaky Fields,FRANK,1,0,0.0%
EA,brawlBall,Sneaky Fields,GRIFF,1,1,100.0%
EA,brawlBall,Sneaky Fields,LUMI,1,0,0.0%
EA,brawlBall,Sneaky Fields,MAISIE,1,0,0.0%
EA,brawlBall,Sneaky Fields,MAX,1,1,100.0%
EA,brawlBall,Sneaky Fields,MEEPLE,3,1,33.3%
EA,brawlBall,Sneaky Fields,MOE,1,1,100.0%
EA,brawlBall,Sneaky Fields,NAJIA,1,0,0.0%
EA,brawlBall,Sneaky Fields,NITA,3,1,33.3%
EA,brawlBall,Sneaky Fields,OTIS,2,0,0.0%
EA,brawlBall,Sneaky Fields,POCO,1,0,0.0%
EA,brawlBall,Sneaky Fields,RICO,3,2,66.7%
EA,brawlBall,Sneaky Fields,RUFFS,1,0,0.0%
EA,brawlBall,Sneaky Fields,SANDY,1,0,0.0%
EA,brawlBall,Sneaky Fields,SHADE,1,1,100.0%
EA,brawlBall,Sneaky Fields,SIRIUS,1,1,100.0%
EA,brawlBall,Sneaky Fields,SPIKE,1,1,100.0%
EA,brawlBall,Sneaky Fields,STU,1,0,0.0%
EA,brawlBall,Sneaky Fields,TRUNK,1,0,0.0%
EA,brawlBall,Sunny Soccer,BIBI,1,1,100.0%
EA,brawlBall,Sunny Soccer,BUZZ,1,0,0.0%
EA,brawlBall,Sunny Soccer,CLANCY,1,1,100.0%
EA,brawlBall,Sunny Soccer,LUMI,1,0,0.0%
EA,brawlBall,Sunny Soccer,RUFFS,1,0,0.0%
EA,brawlBall,Sunny Soccer,SHADE,1,1,100.0%
EA,brawlBall,Super Beach,BEA,1,1,100.0%
EA,brawlBall,Super Beach,CHESTER,1,1,100.0%
EA,brawlBall,Super Beach,CORDELIUS,1,0,0.0%
EA,brawlBall,Super Beach,CROW,4,2,50.0%
EA,brawlBall,Super Beach,EDGAR,2,1,50.0%
EA,brawlBall,Super Beach,GRIFF,2,1,50.0%
EA,brawlBall,Super Beach,HANK,2,1,50.0%
EA,brawlBall,Super Beach,LARRY & LAWRIE,1,0,0.0%
EA,brawlBall,Super Beach,LUMI,2,1,50.0%
EA,brawlBall,Super Beach,MAISIE,1,0,0.0%
EA,brawlBall,Super Beach,MAX,1,0,0.0%
EA,brawlBall,Super Beach,MEEPLE,1,1,100.0%
EA,brawlBall,Super Beach,OTIS,2,1,50.0%
EA,brawlBall,Super Beach,RUFFS,1,1,100.0%
EA,brawlBall,Super Beach,SANDY,1,1,100.0%
EA,brawlBall,Super Beach,SHADE,3,0,0.0%
EA,brawlBall,Super Beach,STU,2,1,50.0%
EA,brawlBall,Super Beach,TRUNK,1,1,100.0%
EA,brawlBall,Super Beach,WILLOW,1,1,100.0%
EA,brawlBall,Triple Dribble,CHESTER,1,1,100.0%
EA,brawlBall,Triple Dribble,CROW,1,0,0.0%
EA,brawlBall,Triple Dribble,KENJI,1,0,0.0%
EA,brawlBall,Triple Dribble,LUMI,2,1,50.0%
EA,brawlBall,Triple Dribble,MEEPLE,1,1,100.0%
EA,brawlBall,Triple Dribble,MORTIS,1,1,100.0%
EA,brawlBall,Triple Dribble,NITA,1,0,0.0%
EA,brawlBall,Triple Dribble,PIERCE,1,1,100.0%
EA,brawlBall,Triple Dribble,SHADE,1,1,100.0%
EA,brawlBall,Triple Dribble,ZIGGY,2,0,0.0%
EA,gemGrab,Crystal Arcade,CHARLIE,1,1,100.0%
EA,gemGrab,Crystal Arcade,CHESTER,2,0,0.0%
EA,gemGrab,Crystal Arcade,COLT,1,1,100.0%
EA,gemGrab,Crystal Arcade,CROW,1,0,0.0%
EA,gemGrab,Crystal Arcade,DOUG,1,0,0.0%
EA,gemGrab,Crystal Arcade,EDGAR,2,1,50.0%
EA,gemGrab,Crystal Arcade,FANG,1,1,100.0%
EA,gemGrab,Crystal Arcade,JANET,1,1,100.0%
EA,gemGrab,Crystal Arcade,KAZE,1,1,100.0%
EA,gemGrab,Crystal Arcade,LEON,1,0,0.0%
EA,gemGrab,Crystal Arcade,LUMI,1,0,0.0%
EA,gemGrab,Crystal Arcade,MORTIS,1,0,0.0%
EA,gemGrab,Crystal Arcade,OTIS,2,1,50.0%
EA,gemGrab,Crystal Arcade,RICO,1,1,100.0%
EA,gemGrab,Crystal Arcade,RUFFS,3,2,66.7%
EA,gemGrab,Crystal Arcade,SPIKE,1,1,100.0%
EA,gemGrab,Crystal Arcade,STU,3,1,33.3%
EA,gemGrab,Deathcap Trap,BULL,1,0,0.0%
EA,gemGrab,Deathcap Trap,CHESTER,5,3,60.0%
EA,gemGrab,Deathcap Trap,COLETTE,1,0,0.0%
EA,gemGrab,Deathcap Trap,COLT,1,1,100.0%
EA,gemGrab,Deathcap Trap,EDGAR,2,0,0.0%
EA,gemGrab,Deathcap Trap,FANG,1,0,0.0%
EA,gemGrab,Deathcap Trap,FINX,2,1,50.0%
EA,gemGrab,Deathcap Trap,GRIFF,1,0,0.0%
EA,gemGrab,Deathcap Trap,KENJI,2,1,50.0%
EA,gemGrab,Deathcap Trap,KIT,2,2,100.0%
EA,gemGrab,Deathcap Trap,LEON,5,4,80.0%
EA,gemGrab,Deathcap Trap,LILY,3,2,66.7%
EA,gemGrab,Deathcap Trap,LUMI,3,1,33.3%
EA,gemGrab,Deathcap Trap,MEEPLE,1,0,0.0%
EA,gemGrab,Deathcap Trap,MICO,1,0,0.0%
EA,gemGrab,Deathcap Trap,MOE,3,1,33.3%
EA,gemGrab,Deathcap Trap,MORTIS,2,1,50.0%
EA,gemGrab,Deathcap Trap,NAJIA,1,0,0.0%
EA,gemGrab,Deathcap Trap,OTIS,3,1,33.3%
EA,gemGrab,Deathcap Trap,PENNY,4,2,50.0%
EA,gemGrab,Deathcap Trap,PIERCE,1,1,100.0%
EA,gemGrab,Deathcap Trap,RUFFS,3,1,33.3%
EA,gemGrab,Deathcap Trap,SANDY,2,2,100.0%
EA,gemGrab,Deathcap Trap,SHADE,1,1,100.0%
EA,gemGrab,Deathcap Trap,SIRIUS,3,3,100.0%
EA,gemGrab,Deathcap Trap,STU,5,2,40.0%
EA,gemGrab,Deathcap Trap,TARA,1,0,0.0%
EA,gemGrab,Double Swoosh,ALLI,1,1,100.0%
EA,gemGrab,Double Swoosh,BO,3,2,66.7%
EA,gemGrab,Double Swoosh,BULL,1,0,0.0%
EA,gemGrab,Double Swoosh,BUSTER,2,1,50.0%
EA,gemGrab,Double Swoosh,CHESTER,6,6,100.0%
EA,gemGrab,Double Swoosh,COLETTE,3,1,33.3%
EA,gemGrab,Double Swoosh,CROW,3,2,66.7%
EA,gemGrab,Double Swoosh,DRACO,2,2,100.0%
EA,gemGrab,Double Swoosh,EMZ,1,1,100.0%
EA,gemGrab,Double Swoosh,GALE,1,0,0.0%
EA,gemGrab,Double Swoosh,GRAY,1,1,100.0%
EA,gemGrab,Double Swoosh,GRIFF,4,1,25.0%
EA,gemGrab,Double Swoosh,KIT,1,1,100.0%
EA,gemGrab,Double Swoosh,LEON,1,0,0.0%
EA,gemGrab,Double Swoosh,LILY,3,0,0.0%
EA,gemGrab,Double Swoosh,LUMI,3,2,66.7%
EA,gemGrab,Double Swoosh,MEEPLE,5,1,20.0%
EA,gemGrab,Double Swoosh,MOE,3,2,66.7%
EA,gemGrab,Double Swoosh,MORTIS,3,3,100.0%
EA,gemGrab,Double Swoosh,NAJIA,3,2,66.7%
EA,gemGrab,Double Swoosh,OTIS,6,3,50.0%
EA,gemGrab,Double Swoosh,PEARL,1,0,0.0%
EA,gemGrab,Double Swoosh,PENNY,3,2,66.7%
EA,gemGrab,Double Swoosh,PIERCE,1,0,0.0%
EA,gemGrab,Double Swoosh,ROSA,2,0,0.0%
EA,gemGrab,Double Swoosh,SANDY,4,1,25.0%
EA,gemGrab,Double Swoosh,SHELLY,1,1,100.0%
EA,gemGrab,Double Swoosh,SIRIUS,1,0,0.0%
EA,gemGrab,Double Swoosh,SPIKE,1,0,0.0%
EA,gemGrab,Double Swoosh,STU,5,2,40.0%
EA,gemGrab,Double Swoosh,TARA,3,1,33.3%
EA,gemGrab,Hard Rock Mine,BO,1,1,100.0%
EA,gemGrab,Hard Rock Mine,CHARLIE,1,0,0.0%
EA,gemGrab,Hard Rock Mine,CHESTER,1,1,100.0%
EA,gemGrab,Hard Rock Mine,EDGAR,2,2,100.0%
EA,gemGrab,Hard Rock Mine,GRIFF,1,1,100.0%
EA,gemGrab,Hard Rock Mine,MAX,1,0,0.0%
EA,gemGrab,Hard Rock Mine,NAJIA,1,1,100.0%
EA,gemGrab,Hard Rock Mine,NITA,1,1,100.0%
EA,gemGrab,Hard Rock Mine,OTIS,1,0,0.0%
EA,gemGrab,Hard Rock Mine,R-T,1,1,100.0%
EA,gemGrab,Hard Rock Mine,RICO,1,0,0.0%
EA,gemGrab,Hard Rock Mine,SANDY,1,0,0.0%
EA,gemGrab,Hard Rock Mine,SHADE,1,0,0.0%
EA,gemGrab,Hard Rock Mine,SIRIUS,1,0,0.0%
EA,gemGrab,Hard Rock Mine,SPIKE,1,1,100.0%
EA,gemGrab,Hard Rock Mine,SURGE,2,0,0.0%
EA,heist,Bridge Too Far,8-BIT,3,1,33.3%
EA,heist,Bridge Too Far,ALLI,2,1,50.0%
EA,heist,Bridge Too Far,AMBER,1,0,0.0%
EA,heist,Bridge Too Far,ANGELO,2,1,50.0%
EA,heist,Bridge Too Far,BROCK,2,0,0.0%
EA,heist,Bridge Too Far,CHARLIE,1,1,100.0%
EA,heist,Bridge Too Far,CHESTER,1,0,0.0%
EA,heist,Bridge Too Far,CHUCK,3,2,66.7%
EA,heist,Bridge Too Far,COLETTE,1,0,0.0%
EA,heist,Bridge Too Far,COLT,2,0,0.0%
EA,heist,Bridge Too Far,CORDELIUS,1,1,100.0%
EA,heist,Bridge Too Far,FINX,1,0,0.0%
EA,heist,Bridge Too Far,KAZE,3,2,66.7%
EA,heist,Bridge Too Far,LOLA,3,2,66.7%
EA,heist,Bridge Too Far,LUMI,1,1,100.0%
EA,heist,Bridge Too Far,MELODIE,2,2,100.0%
EA,heist,Bridge Too Far,NAJIA,1,0,0.0%
EA,heist,Bridge Too Far,NANI,1,0,0.0%
EA,heist,Bridge Too Far,OTIS,2,1,50.0%
EA,heist,Bridge Too Far,PIERCE,1,1,100.0%
EA,heist,Bridge Too Far,SHADE,1,1,100.0%
EA,heist,Bridge Too Far,SIRIUS,1,1,100.0%
EA,heist,Hot Potato,BERRY,3,2,66.7%
EA,heist,Hot Potato,BULL,1,1,100.0%
EA,heist,Hot Potato,BUZZ,1,0,0.0%
EA,heist,Hot Potato,CHUCK,4,2,50.0%
EA,heist,Hot Potato,CLANCY,4,2,50.0%
EA,heist,Hot Potato,COLETTE,1,1,100.0%
EA,heist,Hot Potato,COLT,3,1,33.3%
EA,heist,Hot Potato,CROW,2,1,50.0%
EA,heist,Hot Potato,DAMIAN,2,2,100.0%
EA,heist,Hot Potato,DARRYL,2,2,100.0%
EA,heist,Hot Potato,DYNAMIKE,3,2,66.7%
EA,heist,Hot Potato,EDGAR,2,0,0.0%
EA,heist,Hot Potato,EMZ,1,0,0.0%
EA,heist,Hot Potato,GRIFF,1,1,100.0%
EA,heist,Hot Potato,KAZE,2,1,50.0%
EA,heist,Hot Potato,KIT,5,2,40.0%
EA,heist,Hot Potato,LILY,1,1,100.0%
EA,heist,Hot Potato,LUMI,3,1,33.3%
EA,heist,Hot Potato,MELODIE,4,0,0.0%
EA,heist,Hot Potato,NAJIA,1,1,100.0%
EA,heist,Hot Potato,NITA,1,0,0.0%
EA,heist,Hot Potato,OTIS,6,3,50.0%
EA,heist,Hot Potato,RICO,2,0,0.0%
EA,heist,Hot Potato,SHADE,2,2,100.0%
EA,heist,Hot Potato,SIRIUS,1,1,100.0%
EA,heist,Hot Potato,SPIKE,1,0,0.0%
EA,heist,Hot Potato,SPROUT,1,1,100.0%
EA,heist,Kaboom Canyon,BERRY,2,0,0.0%
EA,heist,Kaboom Canyon,BULL,1,0,0.0%
EA,heist,Kaboom Canyon,COLT,1,1,100.0%
EA,heist,Kaboom Canyon,CROW,1,0,0.0%
EA,heist,Kaboom Canyon,EDGAR,1,1,100.0%
EA,heist,Kaboom Canyon,FINX,1,1,100.0%
EA,heist,Kaboom Canyon,GRIFF,1,0,0.0%
EA,heist,Kaboom Canyon,KAZE,1,1,100.0%
EA,heist,Kaboom Canyon,PENNY,1,1,100.0%
EA,heist,Kaboom Canyon,PIERCE,2,1,50.0%
EA,heist,Safe Zone,8-BIT,1,0,0.0%
EA,heist,Safe Zone,AMBER,1,0,0.0%
EA,heist,Safe Zone,BELLE,2,1,50.0%
EA,heist,Safe Zone,BERRY,2,1,50.0%
EA,heist,Safe Zone,BO,1,1,100.0%
EA,heist,Safe Zone,BYRON,1,1,100.0%
EA,heist,Safe Zone,CARL,1,1,100.0%
EA,heist,Safe Zone,CHESTER,1,0,0.0%
EA,heist,Safe Zone,CHUCK,1,0,0.0%
EA,heist,Safe Zone,COLETTE,1,1,100.0%
EA,heist,Safe Zone,COLT,6,6,100.0%
EA,heist,Safe Zone,EDGAR,5,2,40.0%
EA,heist,Safe Zone,FINX,1,0,0.0%
EA,heist,Safe Zone,GLOWY,1,1,100.0%
EA,heist,Safe Zone,KAZE,7,3,42.9%
EA,heist,Safe Zone,LOLA,1,1,100.0%
EA,heist,Safe Zone,LUMI,2,1,50.0%
EA,heist,Safe Zone,MAISIE,1,0,0.0%
EA,heist,Safe Zone,MELODIE,4,2,50.0%
EA,heist,Safe Zone,MICO,1,1,100.0%
EA,heist,Safe Zone,PENNY,7,5,71.4%
EA,heist,Safe Zone,PIERCE,3,1,33.3%
EA,heist,Safe Zone,PIPER,1,0,0.0%
EA,heist,Safe Zone,R-T,1,0,0.0%
EA,heist,Safe Zone,SHADE,3,0,0.0%
EA,hotZone,Dueling Beetles,BEA,2,1,50.0%
EA,hotZone,Dueling Beetles,BERRY,3,0,0.0%
EA,hotZone,Dueling Beetles,BYRON,1,1,100.0%
EA,hotZone,Dueling Beetles,CHARLIE,2,0,0.0%
EA,hotZone,Dueling Beetles,CLANCY,1,1,100.0%
EA,hotZone,Dueling Beetles,COLETTE,5,0,0.0%
EA,hotZone,Dueling Beetles,EDGAR,4,0,0.0%
EA,hotZone,Dueling Beetles,EMZ,4,3,75.0%
EA,hotZone,Dueling Beetles,FANG,1,1,100.0%
EA,hotZone,Dueling Beetles,FINX,1,1,100.0%
EA,hotZone,Dueling Beetles,GLOWY,3,3,100.0%
EA,hotZone,Dueling Beetles,GRAY,1,0,0.0%
EA,hotZone,Dueling Beetles,JANET,3,0,0.0%
EA,hotZone,Dueling Beetles,KAZE,1,1,100.0%
EA,hotZone,Dueling Beetles,KENJI,2,0,0.0%
EA,hotZone,Dueling Beetles,LEON,3,1,33.3%
EA,hotZone,Dueling Beetles,LUMI,4,3,75.0%
EA,hotZone,Dueling Beetles,MEEPLE,2,1,50.0%
EA,hotZone,Dueling Beetles,MEG,3,0,0.0%
EA,hotZone,Dueling Beetles,MINA,5,4,80.0%
EA,hotZone,Dueling Beetles,MORTIS,1,1,100.0%
EA,hotZone,Dueling Beetles,NAJIA,2,0,0.0%
EA,hotZone,Dueling Beetles,OTIS,1,1,100.0%
EA,hotZone,Dueling Beetles,PIERCE,1,1,100.0%
EA,hotZone,Dueling Beetles,POCO,4,4,100.0%
EA,hotZone,Dueling Beetles,RUFFS,3,0,0.0%
EA,hotZone,Dueling Beetles,SIRIUS,1,1,100.0%
EA,hotZone,Dueling Beetles,STU,5,4,80.0%
EA,hotZone,Dueling Beetles,ZIGGY,3,3,100.0%
EA,hotZone,Open Business,CHESTER,3,1,33.3%
EA,hotZone,Open Business,COLETTE,1,0,0.0%
EA,hotZone,Open Business,CROW,2,1,50.0%
EA,hotZone,Open Business,DRACO,3,0,0.0%
EA,hotZone,Open Business,FINX,2,1,50.0%
EA,hotZone,Open Business,GRAY,1,1,100.0%
EA,hotZone,Open Business,GRIFF,1,1,100.0%
EA,hotZone,Open Business,HANK,1,0,0.0%
EA,hotZone,Open Business,KENJI,3,2,66.7%
EA,hotZone,Open Business,KIT,1,1,100.0%
EA,hotZone,Open Business,LEON,3,1,33.3%
EA,hotZone,Open Business,LOU,1,0,0.0%
EA,hotZone,Open Business,LUMI,2,1,50.0%
EA,hotZone,Open Business,MEEPLE,1,1,100.0%
EA,hotZone,Open Business,MEG,1,1,100.0%
EA,hotZone,Open Business,MINA,5,1,20.0%
EA,hotZone,Open Business,MORTIS,2,2,100.0%
EA,hotZone,Open Business,NITA,1,1,100.0%
EA,hotZone,Open Business,PENNY,1,1,100.0%
EA,hotZone,Open Business,PIERCE,4,3,75.0%
EA,hotZone,Open Business,POCO,1,1,100.0%
EA,hotZone,Open Business,RUFFS,2,1,50.0%
EA,hotZone,Open Business,SIRIUS,2,1,50.0%
EA,hotZone,Open Business,STU,4,1,25.0%
EA,hotZone,Ring of Fire,ALLI,1,1,100.0%
EA,hotZone,Ring of Fire,AMBER,2,0,0.0%
EA,hotZone,Ring of Fire,BERRY,1,1,100.0%
EA,hotZone,Ring of Fire,BO,2,2,100.0%
EA,hotZone,Ring of Fire,BYRON,1,0,0.0%
EA,hotZone,Ring of Fire,CHESTER,1,1,100.0%
EA,hotZone,Ring of Fire,COLETTE,3,1,33.3%
EA,hotZone,Ring of Fire,CROW,1,1,100.0%
EA,hotZone,Ring of Fire,DAMIAN,2,1,50.0%
EA,hotZone,Ring of Fire,DOUG,1,1,100.0%
EA,hotZone,Ring of Fire,DRACO,3,2,66.7%
EA,hotZone,Ring of Fire,EDGAR,1,1,100.0%
EA,hotZone,Ring of Fire,FINX,9,4,44.4%
EA,hotZone,Ring of Fire,GENE,1,0,0.0%
EA,hotZone,Ring of Fire,GLOWY,1,1,100.0%
EA,hotZone,Ring of Fire,GRIFF,3,1,33.3%
EA,hotZone,Ring of Fire,KAZE,1,0,0.0%
EA,hotZone,Ring of Fire,KENJI,2,0,0.0%
EA,hotZone,Ring of Fire,LEON,1,0,0.0%
EA,hotZone,Ring of Fire,LOLA,4,3,75.0%
EA,hotZone,Ring of Fire,LOU,2,1,50.0%
EA,hotZone,Ring of Fire,LUMI,5,4,80.0%
EA,hotZone,Ring of Fire,MEEPLE,1,1,100.0%
EA,hotZone,Ring of Fire,MEG,1,0,0.0%
EA,hotZone,Ring of Fire,MINA,4,3,75.0%
EA,hotZone,Ring of Fire,MORTIS,2,0,0.0%
EA,hotZone,Ring of Fire,NAJIA,2,1,50.0%
EA,hotZone,Ring of Fire,PAM,2,0,0.0%
EA,hotZone,Ring of Fire,PENNY,2,2,100.0%
EA,hotZone,Ring of Fire,PIERCE,2,0,0.0%
EA,hotZone,Ring of Fire,POCO,1,0,0.0%
EA,hotZone,Ring of Fire,ROSA,1,1,100.0%
EA,hotZone,Ring of Fire,RUFFS,3,2,66.7%
EA,hotZone,Ring of Fire,SANDY,1,0,0.0%
EA,hotZone,Ring of Fire,SHADE,1,0,0.0%
EA,hotZone,Ring of Fire,SIRIUS,4,2,50.0%
EA,hotZone,Ring of Fire,STU,2,1,50.0%
EA,hotZone,Ring of Fire,ZIGGY,1,0,0.0%
EA,knockout,,COLT,2,2,100.0%
EA,knockout,,DOUG,1,1,100.0%
EA,knockout,,HANK,2,2,100.0%
EA,knockout,,JANET,1,0,0.0%
EA,knockout,,PIERCE,2,2,100.0%
EA,knockout,Belle's Rock,BELLE,4,2,50.0%
EA,knockout,Belle's Rock,BROCK,7,5,71.4%
EA,knockout,Belle's Rock,BULL,2,0,0.0%
EA,knockout,Belle's Rock,BYRON,4,2,50.0%
EA,knockout,Belle's Rock,CHARLIE,2,0,0.0%
EA,knockout,Belle's Rock,COLETTE,4,3,75.0%
EA,knockout,Belle's Rock,COLT,1,1,100.0%
EA,knockout,Belle's Rock,CORDELIUS,2,2,100.0%
EA,knockout,Belle's Rock,CROW,1,0,0.0%
EA,knockout,Belle's Rock,DAMIAN,3,2,66.7%
EA,knockout,Belle's Rock,DARRYL,1,0,0.0%
EA,knockout,Belle's Rock,EDGAR,2,1,50.0%
EA,knockout,Belle's Rock,GENE,3,2,66.7%
EA,knockout,Belle's Rock,GRAY,3,0,0.0%
EA,knockout,Belle's Rock,HANK,2,2,100.0%
EA,knockout,Belle's Rock,JAE-YONG,3,0,0.0%
EA,knockout,Belle's Rock,KAZE,1,0,0.0%
EA,knockout,Belle's Rock,KIT,1,0,0.0%
EA,knockout,Belle's Rock,LEON,5,1,20.0%
EA,knockout,Belle's Rock,MAX,1,1,100.0%
EA,knockout,Belle's Rock,MEEPLE,2,0,0.0%
EA,knockout,Belle's Rock,MICO,1,1,100.0%
EA,knockout,Belle's Rock,MINA,2,0,0.0%
EA,knockout,Belle's Rock,NANI,2,1,50.0%
EA,knockout,Belle's Rock,OLLIE,2,2,100.0%
EA,knockout,Belle's Rock,PIERCE,3,2,66.7%
EA,knockout,Belle's Rock,R-T,4,3,75.0%
EA,knockout,Belle's Rock,RICO,5,1,20.0%
EA,knockout,Belle's Rock,RUFFS,4,3,75.0%
EA,knockout,Belle's Rock,SPROUT,4,3,75.0%
EA,knockout,Belle's Rock,SQUEAK,1,1,100.0%
EA,knockout,Belle's Rock,TICK,2,1,50.0%
EA,knockout,Goldarm Gulch,ANGELO,4,1,25.0%
EA,knockout,Goldarm Gulch,BELLE,1,0,0.0%
EA,knockout,Goldarm Gulch,BO,1,1,100.0%
EA,knockout,Goldarm Gulch,BROCK,6,3,50.0%
EA,knockout,Goldarm Gulch,BYRON,4,2,50.0%
EA,knockout,Goldarm Gulch,CHARLIE,2,1,50.0%
EA,knockout,Goldarm Gulch,COLETTE,3,0,0.0%
EA,knockout,Goldarm Gulch,COLT,4,3,75.0%
EA,knockout,Goldarm Gulch,CROW,3,2,66.7%
EA,knockout,Goldarm Gulch,DOUG,1,0,0.0%
EA,knockout,Goldarm Gulch,EVE,1,0,0.0%
EA,knockout,Goldarm Gulch,FINX,2,1,50.0%
EA,knockout,Goldarm Gulch,GENE,4,3,75.0%
EA,knockout,Goldarm Gulch,GLOWY,1,0,0.0%
EA,knockout,Goldarm Gulch,GRAY,2,1,50.0%
EA,knockout,Goldarm Gulch,GRIFF,1,0,0.0%
EA,knockout,Goldarm Gulch,GUS,1,1,100.0%
EA,knockout,Goldarm Gulch,JAE-YONG,5,2,40.0%
EA,knockout,Goldarm Gulch,KIT,3,2,66.7%
EA,knockout,Goldarm Gulch,MAX,1,0,0.0%
EA,knockout,Goldarm Gulch,MICO,2,1,50.0%
EA,knockout,Goldarm Gulch,MINA,2,1,50.0%
EA,knockout,Goldarm Gulch,MORTIS,2,1,50.0%
EA,knockout,Goldarm Gulch,MR. P,1,1,100.0%
EA,knockout,Goldarm Gulch,NAJIA,1,1,100.0%
EA,knockout,Goldarm Gulch,NANI,1,1,100.0%
EA,knockout,Goldarm Gulch,OLLIE,4,1,25.0%
EA,knockout,Goldarm Gulch,PEARL,1,0,0.0%
EA,knockout,Goldarm Gulch,PIERCE,3,1,33.3%
EA,knockout,Goldarm Gulch,R-T,5,4,80.0%
EA,knockout,Goldarm Gulch,RICO,1,1,100.0%
EA,knockout,Goldarm Gulch,ROSA,1,1,100.0%
EA,knockout,Goldarm Gulch,RUFFS,2,1,50.0%
EA,knockout,Goldarm Gulch,SQUEAK,2,1,50.0%
EA,knockout,Out in the Open,ANGELO,2,2,100.0%
EA,knockout,Out in the Open,BELLE,3,2,66.7%
EA,knockout,Out in the Open,BROCK,3,1,33.3%
EA,knockout,Out in the Open,BYRON,1,0,0.0%
EA,knockout,Out in the Open,CHARLIE,1,1,100.0%
EA,knockout,Out in the Open,COLETTE,1,0,0.0%
EA,knockout,Out in the Open,CORDELIUS,1,1,100.0%
EA,knockout,Out in the Open,GENE,2,1,50.0%
EA,knockout,Out in the Open,GLOWY,1,1,100.0%
EA,knockout,Out in the Open,GUS,1,0,0.0%
EA,knockout,Out in the Open,JAE-YONG,1,0,0.0%
EA,knockout,Out in the Open,LEON,1,1,100.0%
EA,knockout,Out in the Open,OLLIE,1,0,0.0%
EA,knockout,Out in the Open,PEARL,1,0,0.0%
EA,knockout,Out in the Open,PIERCE,1,1,100.0%
EA,knockout,Out in the Open,PIPER,1,1,100.0%
EA,knockout,Out in the Open,R-T,1,0,0.0%
EA,knockout,Out in the Open,SQUEAK,1,0,0.0%
EMEA,basketBrawl,Pocket Pass,FANG,1,1,100.0%
EMEA,basketBrawl,Pocket Pass,GALE,1,1,100.0%
EMEA,basketBrawl,Pocket Pass,GRIFF,1,0,0.0%
EMEA,basketBrawl,Pocket Pass,MINA,1,0,0.0%
EMEA,basketBrawl,Pocket Pass,PIERCE,1,0,0.0%
EMEA,basketBrawl,Pocket Pass,SURGE,1,1,100.0%
EMEA,bounty,,BEA,2,2,100.0%
EMEA,bounty,,COLT,10,10,100.0%
EMEA,bounty,,GRIFF,1,1,100.0%
EMEA,bounty,,MORTIS,1,1,100.0%
EMEA,bounty,,NANI,2,2,100.0%
EMEA,bounty,Hideout,ANGELO,1,1,100.0%
EMEA,bounty,Hideout,BELLE,6,4,66.7%
EMEA,bounty,Hideout,BO,1,1,100.0%
EMEA,bounty,Hideout,BROCK,1,0,0.0%
EMEA,bounty,Hideout,BYRON,5,2,40.0%
EMEA,bounty,Hideout,CHARLIE,3,1,33.3%
EMEA,bounty,Hideout,COLETTE,1,1,100.0%
EMEA,bounty,Hideout,CROW,1,1,100.0%
EMEA,bounty,Hideout,FANG,1,0,0.0%
EMEA,bounty,Hideout,GENE,5,2,40.0%
EMEA,bounty,Hideout,GUS,1,1,100.0%
EMEA,bounty,Hideout,JAE-YONG,3,1,33.3%
EMEA,bounty,Hideout,KAZE,5,3,60.0%
EMEA,bounty,Hideout,KENJI,1,0,0.0%
EMEA,bounty,Hideout,MEEPLE,1,0,0.0%
EMEA,bounty,Hideout,MELODIE,2,0,0.0%
EMEA,bounty,Hideout,MINA,5,4,80.0%
EMEA,bounty,Hideout,MORTIS,4,4,100.0%
EMEA,bounty,Hideout,NANI,5,3,60.0%
EMEA,bounty,Hideout,PENNY,3,2,66.7%
EMEA,bounty,Hideout,PIERCE,7,2,28.6%
EMEA,bounty,Hideout,R-T,2,0,0.0%
EMEA,bounty,Hideout,RUFFS,2,0,0.0%
EMEA,bounty,Layer Cake,ALLI,2,2,100.0%
EMEA,bounty,Layer Cake,BIBI,1,0,0.0%
EMEA,bounty,Layer Cake,BUSTER,1,1,100.0%
EMEA,bounty,Layer Cake,BUZZ,1,1,100.0%
EMEA,bounty,Layer Cake,CHARLIE,1,0,0.0%
EMEA,bounty,Layer Cake,CHESTER,3,0,0.0%
EMEA,bounty,Layer Cake,COLETTE,1,1,100.0%
EMEA,bounty,Layer Cake,CROW,3,1,33.3%
EMEA,bounty,Layer Cake,EDGAR,2,2,100.0%
EMEA,bounty,Layer Cake,FANG,3,2,66.7%
EMEA,bounty,Layer Cake,GENE,3,1,33.3%
EMEA,bounty,Layer Cake,GRIFF,1,0,0.0%
EMEA,bounty,Layer Cake,JUJU,1,0,0.0%
EMEA,bounty,Layer Cake,KAZE,5,2,40.0%
EMEA,bounty,Layer Cake,KENJI,3,2,66.7%
EMEA,bounty,Layer Cake,KIT,5,2,40.0%
EMEA,bounty,Layer Cake,LEON,4,1,25.0%
EMEA,bounty,Layer Cake,LILY,1,0,0.0%
EMEA,bounty,Layer Cake,LUMI,2,2,100.0%
EMEA,bounty,Layer Cake,MEEPLE,7,6,85.7%
EMEA,bounty,Layer Cake,MICO,1,0,0.0%
EMEA,bounty,Layer Cake,MORTIS,3,1,33.3%
EMEA,bounty,Layer Cake,NAJIA,3,2,66.7%
EMEA,bounty,Layer Cake,PENNY,6,4,66.7%
EMEA,bounty,Layer Cake,PIERCE,5,2,40.0%
EMEA,bounty,Layer Cake,POCO,1,0,0.0%
EMEA,bounty,Layer Cake,RUFFS,2,1,50.0%
EMEA,bounty,Layer Cake,SHADE,3,2,66.7%
EMEA,bounty,Layer Cake,SIRIUS,2,0,0.0%
EMEA,bounty,Layer Cake,STU,4,2,50.0%
EMEA,bounty,Layer Cake,TICK,1,1,100.0%
EMEA,bounty,Layer Cake,WILLOW,2,1,50.0%
EMEA,bounty,Layer Cake,ZIGGY,1,0,0.0%
EMEA,bounty,Shooting Star,8-BIT,1,1,100.0%
EMEA,bounty,Shooting Star,ANGELO,6,2,33.3%
EMEA,bounty,Shooting Star,BELLE,6,3,50.0%
EMEA,bounty,Shooting Star,BIBI,3,2,66.7%
EMEA,bounty,Shooting Star,BYRON,10,7,70.0%
EMEA,bounty,Shooting Star,CHARLIE,3,3,100.0%
EMEA,bounty,Shooting Star,COLETTE,5,4,80.0%
EMEA,bounty,Shooting Star,CROW,1,0,0.0%
EMEA,bounty,Shooting Star,EVE,1,1,100.0%
EMEA,bounty,Shooting Star,FANG,8,2,25.0%
EMEA,bounty,Shooting Star,GENE,7,1,14.3%
EMEA,bounty,Shooting Star,GUS,3,1,33.3%
EMEA,bounty,Shooting Star,JAE-YONG,6,2,33.3%
EMEA,bounty,Shooting Star,KAZE,4,2,50.0%
EMEA,bounty,Shooting Star,LEON,7,4,57.1%
EMEA,bounty,Shooting Star,LOLA,1,1,100.0%
EMEA,bounty,Shooting Star,MAX,4,3,75.0%
EMEA,bounty,Shooting Star,MELODIE,1,0,0.0%
EMEA,bounty,Shooting Star,MINA,4,1,25.0%
EMEA,bounty,Shooting Star,MORTIS,6,6,100.0%
EMEA,bounty,Shooting Star,NAJIA,3,0,0.0%
EMEA,bounty,Shooting Star,NANI,11,4,36.4%
EMEA,bounty,Shooting Star,OLLIE,1,0,0.0%
EMEA,bounty,Shooting Star,PAM,4,2,50.0%
EMEA,bounty,Shooting Star,PENNY,1,1,100.0%
EMEA,bounty,Shooting Star,PIERCE,2,1,50.0%
EMEA,bounty,Shooting Star,PIPER,5,3,60.0%
EMEA,bounty,Shooting Star,R-T,6,3,50.0%
EMEA,bounty,Shooting Star,RUFFS,5,2,40.0%
EMEA,bounty,Shooting Star,TICK,1,1,100.0%
EMEA,brawlBall,Below Zero,BYRON,1,0,0.0%
EMEA,brawlBall,Below Zero,CHARLIE,1,0,0.0%
EMEA,brawlBall,Below Zero,COLETTE,1,1,100.0%
EMEA,brawlBall,Below Zero,CROW,1,1,100.0%
EMEA,brawlBall,Below Zero,LUMI,1,1,100.0%
EMEA,brawlBall,Below Zero,MELODIE,1,0,0.0%
EMEA,brawlBall,Pinhole Punt,ALLI,5,2,40.0%
EMEA,brawlBall,Pinhole Punt,ASH,1,0,0.0%
EMEA,brawlBall,Pinhole Punt,BULL,2,2,100.0%
EMEA,brawlBall,Pinhole Punt,BUSTER,4,0,0.0%
EMEA,brawlBall,Pinhole Punt,BYRON,1,0,0.0%
EMEA,brawlBall,Pinhole Punt,CARL,1,1,100.0%
EMEA,brawlBall,Pinhole Punt,CHARLIE,3,1,33.3%
EMEA,brawlBall,Pinhole Punt,CHESTER,12,7,58.3%
EMEA,brawlBall,Pinhole Punt,COLETTE,4,1,25.0%
EMEA,brawlBall,Pinhole Punt,CORDELIUS,1,1,100.0%
EMEA,brawlBall,Pinhole Punt,CROW,2,1,50.0%
EMEA,brawlBall,Pinhole Punt,EDGAR,5,3,60.0%
EMEA,brawlBall,Pinhole Punt,EMZ,5,2,40.0%
EMEA,brawlBall,Pinhole Punt,FANG,4,1,25.0%
EMEA,brawlBall,Pinhole Punt,FINX,1,1,100.0%
EMEA,brawlBall,Pinhole Punt,GALE,2,1,50.0%
EMEA,brawlBall,Pinhole Punt,JAE-YONG,1,0,0.0%
EMEA,brawlBall,Pinhole Punt,JANET,3,2,66.7%
EMEA,brawlBall,Pinhole Punt,KENJI,5,2,40.0%
EMEA,brawlBall,Pinhole Punt,LARRY & LAWRIE,1,0,0.0%
EMEA,brawlBall,Pinhole Punt,LEON,12,6,50.0%
EMEA,brawlBall,Pinhole Punt,LUMI,11,4,36.4%
EMEA,brawlBall,Pinhole Punt,MAISIE,1,1,100.0%
EMEA,brawlBall,Pinhole Punt,MEEPLE,8,3,37.5%
EMEA,brawlBall,Pinhole Punt,MINA,6,4,66.7%
EMEA,brawlBall,Pinhole Punt,MOE,5,1,20.0%
EMEA,brawlBall,Pinhole Punt,MORTIS,6,1,16.7%
EMEA,brawlBall,Pinhole Punt,NAJIA,6,4,66.7%
EMEA,brawlBall,Pinhole Punt,NITA,1,0,0.0%
EMEA,brawlBall,Pinhole Punt,OTIS,13,6,46.2%
EMEA,brawlBall,Pinhole Punt,PIERCE,4,2,50.0%
EMEA,brawlBall,Pinhole Punt,POCO,1,0,0.0%
EMEA,brawlBall,Pinhole Punt,RUFFS,6,5,83.3%
EMEA,brawlBall,Pinhole Punt,SIRIUS,5,1,20.0%
EMEA,brawlBall,Pinhole Punt,SQUEAK,1,1,100.0%
EMEA,brawlBall,Pinhole Punt,STU,11,9,81.8%
EMEA,brawlBall,Pinhole Punt,ZIGGY,2,2,100.0%
EMEA,brawlBall,Sneaky Fields,ALLI,2,1,50.0%
EMEA,brawlBall,Sneaky Fields,AMBER,1,1,100.0%
EMEA,brawlBall,Sneaky Fields,BULL,3,3,100.0%
EMEA,brawlBall,Sneaky Fields,BUZZ,2,1,50.0%
EMEA,brawlBall,Sneaky Fields,CHESTER,5,2,40.0%
EMEA,brawlBall,Sneaky Fields,CLANCY,1,1,100.0%
EMEA,brawlBall,Sneaky Fields,COLETTE,1,1,100.0%
EMEA,brawlBall,Sneaky Fields,CROW,1,1,100.0%
EMEA,brawlBall,Sneaky Fields,EDGAR,3,2,66.7%
EMEA,brawlBall,Sneaky Fields,EL PRIMO,2,1,50.0%
EMEA,brawlBall,Sneaky Fields,EMZ,3,1,33.3%
EMEA,brawlBall,Sneaky Fields,GRIFF,7,3,42.9%
EMEA,brawlBall,Sneaky Fields,KENJI,4,3,75.0%
EMEA,brawlBall,Sneaky Fields,LUMI,7,3,42.9%
EMEA,brawlBall,Sneaky Fields,MAISIE,1,0,0.0%
EMEA,brawlBall,Sneaky Fields,MAX,1,0,0.0%
EMEA,brawlBall,Sneaky Fields,MEEPLE,6,3,50.0%
EMEA,brawlBall,Sneaky Fields,MINA,1,1,100.0%
EMEA,brawlBall,Sneaky Fields,MOE,1,1,100.0%
EMEA,brawlBall,Sneaky Fields,MORTIS,6,2,33.3%
EMEA,brawlBall,Sneaky Fields,NAJIA,4,1,25.0%
EMEA,brawlBall,Sneaky Fields,NITA,1,1,100.0%
EMEA,brawlBall,Sneaky Fields,OTIS,12,7,58.3%
EMEA,brawlBall,Sneaky Fields,PIERCE,5,3,60.0%
EMEA,brawlBall,Sneaky Fields,POCO,1,0,0.0%
EMEA,brawlBall,Sneaky Fields,RICO,1,1,100.0%
EMEA,brawlBall,Sneaky Fields,RUFFS,2,1,50.0%
EMEA,brawlBall,Sneaky Fields,SANDY,6,2,33.3%
EMEA,brawlBall,Sneaky Fields,SHADE,5,1,20.0%
EMEA,brawlBall,Sneaky Fields,SHELLY,1,0,0.0%
EMEA,brawlBall,Sneaky Fields,SIRIUS,6,4,66.7%
EMEA,brawlBall,Sneaky Fields,STU,5,2,40.0%
EMEA,brawlBall,Sneaky Fields,TRUNK,1,0,0.0%
EMEA,brawlBall,Super Beach,BARLEY,1,1,100.0%
EMEA,brawlBall,Super Beach,BYRON,1,1,100.0%
EMEA,brawlBall,Super Beach,CHARLIE,3,1,33.3%
EMEA,brawlBall,Super Beach,CHESTER,3,1,33.3%
EMEA,brawlBall,Super Beach,COLETTE,1,0,0.0%
EMEA,brawlBall,Super Beach,CORDELIUS,4,2,50.0%
EMEA,brawlBall,Super Beach,CROW,5,1,20.0%
EMEA,brawlBall,Super Beach,EDGAR,2,1,50.0%
EMEA,brawlBall,Super Beach,EMZ,1,0,0.0%
EMEA,brawlBall,Super Beach,GRIFF,5,3,60.0%
EMEA,brawlBall,Super Beach,JACKY,1,0,0.0%
EMEA,brawlBall,Super Beach,KENJI,1,1,100.0%
EMEA,brawlBall,Super Beach,KIT,1,0,0.0%
EMEA,brawlBall,Super Beach,LARRY & LAWRIE,1,1,100.0%
EMEA,brawlBall,Super Beach,LUMI,4,0,0.0%
EMEA,brawlBall,Super Beach,MEEPLE,4,3,75.0%
EMEA,brawlBall,Super Beach,MINA,1,0,0.0%
EMEA,brawlBall,Super Beach,MOE,3,1,33.3%
EMEA,brawlBall,Super Beach,MORTIS,5,2,40.0%
EMEA,brawlBall,Super Beach,NAJIA,1,0,0.0%
EMEA,brawlBall,Super Beach,NITA,1,1,100.0%
EMEA,brawlBall,Super Beach,OTIS,10,7,70.0%
EMEA,brawlBall,Super Beach,PENNY,1,1,100.0%
EMEA,brawlBall,Super Beach,PIERCE,2,2,100.0%
EMEA,brawlBall,Super Beach,RUFFS,6,2,33.3%
EMEA,brawlBall,Super Beach,SANDY,2,2,100.0%
EMEA,brawlBall,Super Beach,SHADE,5,3,60.0%
EMEA,brawlBall,Super Beach,SHELLY,2,2,100.0%
EMEA,brawlBall,Super Beach,SIRIUS,1,0,0.0%
EMEA,brawlBall,Super Beach,SPIKE,1,1,100.0%
EMEA,brawlBall,Super Beach,STU,9,5,55.6%
EMEA,brawlBall,Super Beach,WILLOW,2,0,0.0%
EMEA,brawlBall,Triple Dribble,CHESTER,1,0,0.0%
EMEA,brawlBall,Triple Dribble,COLETTE,1,0,0.0%
EMEA,brawlBall,Triple Dribble,LARRY & LAWRIE,1,0,0.0%
EMEA,brawlBall,Triple Dribble,OTIS,1,1,100.0%
EMEA,brawlBall,Triple Dribble,RUFFS,1,1,100.0%
EMEA,brawlBall,Triple Dribble,STU,1,1,100.0%
EMEA,gemGrab,Crystal Arcade,ALLI,3,3,100.0%
EMEA,gemGrab,Crystal Arcade,ANGELO,3,0,0.0%
EMEA,gemGrab,Crystal Arcade,EDGAR,3,0,0.0%
EMEA,gemGrab,Crystal Arcade,FINX,3,3,100.0%
EMEA,gemGrab,Crystal Arcade,STU,3,0,0.0%
EMEA,gemGrab,Crystal Arcade,TARA,3,3,100.0%
EMEA,gemGrab,Deathcap Trap,ALLI,2,1,50.0%
EMEA,gemGrab,Deathcap Trap,BULL,1,1,100.0%
EMEA,gemGrab,Deathcap Trap,BYRON,3,0,0.0%
EMEA,gemGrab,Deathcap Trap,CHARLIE,2,1,50.0%
EMEA,gemGrab,Deathcap Trap,CHESTER,12,8,66.7%
EMEA,gemGrab,Deathcap Trap,COLETTE,4,2,50.0%
EMEA,gemGrab,Deathcap Trap,COLT,1,1,100.0%
EMEA,gemGrab,Deathcap Trap,CROW,5,2,40.0%
EMEA,gemGrab,Deathcap Trap,EDGAR,4,1,25.0%
EMEA,gemGrab,Deathcap Trap,FANG,3,1,33.3%
EMEA,gemGrab,Deathcap Trap,FINX,3,2,66.7%
EMEA,gemGrab,Deathcap Trap,GLOWY,1,1,100.0%
EMEA,gemGrab,Deathcap Trap,GRIFF,7,6,85.7%
EMEA,gemGrab,Deathcap Trap,GUS,3,1,33.3%
EMEA,gemGrab,Deathcap Trap,JANET,6,3,50.0%
EMEA,gemGrab,Deathcap Trap,KENJI,5,0,0.0%
EMEA,gemGrab,Deathcap Trap,KIT,10,4,40.0%
EMEA,gemGrab,Deathcap Trap,LEON,11,9,81.8%
EMEA,gemGrab,Deathcap Trap,LILY,9,4,44.4%
EMEA,gemGrab,Deathcap Trap,LUMI,8,5,62.5%
EMEA,gemGrab,Deathcap Trap,MEEPLE,3,2,66.7%
EMEA,gemGrab,Deathcap Trap,MEG,1,0,0.0%
EMEA,gemGrab,Deathcap Trap,MINA,2,2,100.0%
EMEA,gemGrab,Deathcap Trap,MOE,10,2,20.0%
EMEA,gemGrab,Deathcap Trap,MORTIS,8,4,50.0%
EMEA,gemGrab,Deathcap Trap,NAJIA,2,0,0.0%
EMEA,gemGrab,Deathcap Trap,NITA,1,1,100.0%
EMEA,gemGrab,Deathcap Trap,OTIS,11,6,54.5%
EMEA,gemGrab,Deathcap Trap,PAM,2,1,50.0%
EMEA,gemGrab,Deathcap Trap,PENNY,9,5,55.6%
EMEA,gemGrab,Deathcap Trap,PIERCE,3,2,66.7%
EMEA,gemGrab,Deathcap Trap,RUFFS,15,7,46.7%
EMEA,gemGrab,Deathcap Trap,SANDY,4,3,75.0%
EMEA,gemGrab,Deathcap Trap,SHADE,7,4,57.1%
EMEA,gemGrab,Deathcap Trap,SIRIUS,7,2,28.6%
EMEA,gemGrab,Deathcap Trap,SPIKE,1,1,100.0%
EMEA,gemGrab,Deathcap Trap,STU,14,5,35.7%
EMEA,gemGrab,Deathcap Trap,TRUNK,3,2,66.7%
EMEA,gemGrab,Deathcap Trap,ZIGGY,1,0,0.0%
EMEA,gemGrab,Double Swoosh,ALLI,3,1,33.3%
EMEA,gemGrab,Double Swoosh,BO,1,1,100.0%
EMEA,gemGrab,Double Swoosh,BULL,1,0,0.0%
EMEA,gemGrab,Double Swoosh,BUSTER,1,1,100.0%
EMEA,gemGrab,Double Swoosh,CHARLIE,1,1,100.0%
EMEA,gemGrab,Double Swoosh,CHESTER,6,4,66.7%
EMEA,gemGrab,Double Swoosh,COLETTE,1,1,100.0%
EMEA,gemGrab,Double Swoosh,EDGAR,3,1,33.3%
EMEA,gemGrab,Double Swoosh,EMZ,2,2,100.0%
EMEA,gemGrab,Double Swoosh,FINX,2,1,50.0%
EMEA,gemGrab,Double Swoosh,GRIFF,2,0,0.0%
EMEA,gemGrab,Double Swoosh,KENJI,1,0,0.0%
EMEA,gemGrab,Double Swoosh,KIT,1,1,100.0%
EMEA,gemGrab,Double Swoosh,LILY,2,0,0.0%
EMEA,gemGrab,Double Swoosh,LOLA,1,0,0.0%
EMEA,gemGrab,Double Swoosh,MAISIE,1,1,100.0%
EMEA,gemGrab,Double Swoosh,MEEPLE,5,2,40.0%
EMEA,gemGrab,Double Swoosh,MOE,9,6,66.7%
EMEA,gemGrab,Double Swoosh,MORTIS,2,1,50.0%
EMEA,gemGrab,Double Swoosh,NAJIA,2,1,50.0%
EMEA,gemGrab,Double Swoosh,OTIS,6,1,16.7%
EMEA,gemGrab,Double Swoosh,PEARL,1,0,0.0%
EMEA,gemGrab,Double Swoosh,PENNY,3,1,33.3%
EMEA,gemGrab,Double Swoosh,ROSA,5,3,60.0%
EMEA,gemGrab,Double Swoosh,RUFFS,1,1,100.0%
EMEA,gemGrab,Double Swoosh,SANDY,5,2,40.0%
EMEA,gemGrab,Double Swoosh,SIRIUS,2,1,50.0%
EMEA,gemGrab,Double Swoosh,STU,7,5,71.4%
EMEA,gemGrab,Double Swoosh,TARA,1,0,0.0%
EMEA,gemGrab,Hard Rock Mine,ALLI,1,0,0.0%
EMEA,gemGrab,Hard Rock Mine,BULL,2,2,100.0%
EMEA,gemGrab,Hard Rock Mine,CARL,1,0,0.0%
EMEA,gemGrab,Hard Rock Mine,CHARLIE,3,2,66.7%
EMEA,gemGrab,Hard Rock Mine,CHESTER,12,3,25.0%
EMEA,gemGrab,Hard Rock Mine,COLETTE,1,0,0.0%
EMEA,gemGrab,Hard Rock Mine,CROW,3,0,0.0%
EMEA,gemGrab,Hard Rock Mine,EDGAR,3,1,33.3%
EMEA,gemGrab,Hard Rock Mine,FANG,4,3,75.0%
EMEA,gemGrab,Hard Rock Mine,FINX,2,1,50.0%
EMEA,gemGrab,Hard Rock Mine,GRIFF,3,2,66.7%
EMEA,gemGrab,Hard Rock Mine,GUS,2,1,50.0%
EMEA,gemGrab,Hard Rock Mine,JANET,2,2,100.0%
EMEA,gemGrab,Hard Rock Mine,KAZE,1,0,0.0%
EMEA,gemGrab,Hard Rock Mine,KENJI,1,0,0.0%
EMEA,gemGrab,Hard Rock Mine,KIT,7,4,57.1%
EMEA,gemGrab,Hard Rock Mine,LEON,2,1,50.0%
EMEA,gemGrab,Hard Rock Mine,LILY,4,1,25.0%
EMEA,gemGrab,Hard Rock Mine,LOLA,1,1,100.0%
EMEA,gemGrab,Hard Rock Mine,LUMI,6,3,50.0%
EMEA,gemGrab,Hard Rock Mine,MAISIE,1,0,0.0%
EMEA,gemGrab,Hard Rock Mine,MAX,1,0,0.0%
EMEA,gemGrab,Hard Rock Mine,MOE,5,4,80.0%
EMEA,gemGrab,Hard Rock Mine,MORTIS,8,5,62.5%
EMEA,gemGrab,Hard Rock Mine,NAJIA,1,1,100.0%
EMEA,gemGrab,Hard Rock Mine,NITA,1,1,100.0%
EMEA,gemGrab,Hard Rock Mine,OTIS,9,3,33.3%
EMEA,gemGrab,Hard Rock Mine,PAM,1,1,100.0%
EMEA,gemGrab,Hard Rock Mine,PENNY,2,1,50.0%
EMEA,gemGrab,Hard Rock Mine,PIERCE,3,3,100.0%
EMEA,gemGrab,Hard Rock Mine,R-T,1,0,0.0%
EMEA,gemGrab,Hard Rock Mine,RICO,4,0,0.0%
EMEA,gemGrab,Hard Rock Mine,ROSA,1,0,0.0%
EMEA,gemGrab,Hard Rock Mine,RUFFS,6,5,83.3%
EMEA,gemGrab,Hard Rock Mine,SANDY,4,1,25.0%
EMEA,gemGrab,Hard Rock Mine,SHADE,7,4,57.1%
EMEA,gemGrab,Hard Rock Mine,SIRIUS,7,2,28.6%
EMEA,gemGrab,Hard Rock Mine,STU,10,7,70.0%
EMEA,gemGrab,Hard Rock Mine,SURGE,2,2,100.0%
EMEA,gemGrab,Hard Rock Mine,TARA,1,1,100.0%
EMEA,gemGrab,Hard Rock Mine,TRUNK,2,1,50.0%
EMEA,heist,Bridge Too Far,8-BIT,11,5,45.5%
EMEA,heist,Bridge Too Far,ALLI,3,3,100.0%
EMEA,heist,Bridge Too Far,AMBER,3,1,33.3%
EMEA,heist,Bridge Too Far,ANGELO,3,1,33.3%
EMEA,heist,Bridge Too Far,BEA,1,0,0.0%
EMEA,heist,Bridge Too Far,BELLE,1,1,100.0%
EMEA,heist,Bridge Too Far,BROCK,6,5,83.3%
EMEA,heist,Bridge Too Far,BYRON,1,0,0.0%
EMEA,heist,Bridge Too Far,CHARLIE,4,2,50.0%
EMEA,heist,Bridge Too Far,CHESTER,1,0,0.0%
EMEA,heist,Bridge Too Far,CHUCK,7,2,28.6%
EMEA,heist,Bridge Too Far,COLETTE,3,1,33.3%
EMEA,heist,Bridge Too Far,COLT,1,0,0.0%
EMEA,heist,Bridge Too Far,CORDELIUS,1,1,100.0%
EMEA,heist,Bridge Too Far,CROW,3,2,66.7%
EMEA,heist,Bridge Too Far,EDGAR,4,1,25.0%
EMEA,heist,Bridge Too Far,EVE,6,3,50.0%
EMEA,heist,Bridge Too Far,FINX,4,2,50.0%
EMEA,heist,Bridge Too Far,KAZE,12,7,58.3%
EMEA,heist,Bridge Too Far,LILY,2,1,50.0%
EMEA,heist,Bridge Too Far,LOLA,11,5,45.5%
EMEA,heist,Bridge Too Far,LUMI,2,0,0.0%
EMEA,heist,Bridge Too Far,MELODIE,10,6,60.0%
EMEA,heist,Bridge Too Far,NAJIA,3,2,66.7%
EMEA,heist,Bridge Too Far,NANI,9,3,33.3%
EMEA,heist,Bridge Too Far,OTIS,8,6,75.0%
EMEA,heist,Bridge Too Far,PIERCE,10,4,40.0%
EMEA,heist,Bridge Too Far,SHADE,2,2,100.0%
EMEA,heist,Hot Potato,AMBER,1,1,100.0%
EMEA,heist,Hot Potato,BERRY,1,1,100.0%
EMEA,heist,Hot Potato,BIBI,4,2,50.0%
EMEA,heist,Hot Potato,BULL,3,1,33.3%
EMEA,heist,Hot Potato,BUZZ,1,0,0.0%
EMEA,heist,Hot Potato,CARL,2,0,0.0%
EMEA,heist,Hot Potato,CHUCK,3,0,0.0%
EMEA,heist,Hot Potato,COLT,9,3,33.3%
EMEA,heist,Hot Potato,CORDELIUS,4,0,0.0%
EMEA,heist,Hot Potato,CROW,5,4,80.0%
EMEA,heist,Hot Potato,EDGAR,4,2,50.0%
EMEA,heist,Hot Potato,EMZ,1,1,100.0%
EMEA,heist,Hot Potato,GLOWY,1,1,100.0%
EMEA,heist,Hot Potato,GRIFF,4,1,25.0%
EMEA,heist,Hot Potato,HANK,1,0,0.0%
EMEA,heist,Hot Potato,KAZE,11,5,45.5%
EMEA,heist,Hot Potato,LILY,5,4,80.0%
EMEA,heist,Hot Potato,LOU,3,2,66.7%
EMEA,heist,Hot Potato,LUMI,7,3,42.9%
EMEA,heist,Hot Potato,MEEPLE,1,1,100.0%
EMEA,heist,Hot Potato,MELODIE,5,2,40.0%
EMEA,heist,Hot Potato,MICO,1,1,100.0%
EMEA,heist,Hot Potato,NAJIA,1,0,0.0%
EMEA,heist,Hot Potato,NITA,3,3,100.0%
EMEA,heist,Hot Potato,OTIS,5,3,60.0%
EMEA,heist,Hot Potato,PIERCE,1,0,0.0%
EMEA,heist,Hot Potato,RICO,6,3,50.0%
EMEA,heist,Hot Potato,RUFFS,3,3,100.0%
EMEA,heist,Hot Potato,SHADE,2,2,100.0%
EMEA,heist,Hot Potato,SIRIUS,4,2,50.0%
EMEA,heist,Kaboom Canyon,BYRON,1,1,100.0%
EMEA,heist,Kaboom Canyon,FINX,1,1,100.0%
EMEA,heist,Kaboom Canyon,LILY,1,0,0.0%
EMEA,heist,Kaboom Canyon,MELODIE,1,1,100.0%
EMEA,heist,Kaboom Canyon,OTIS,1,0,0.0%
EMEA,heist,Kaboom Canyon,PIERCE,1,0,0.0%
EMEA,heist,Safe Zone,8-BIT,6,3,50.0%
EMEA,heist,Safe Zone,AMBER,1,1,100.0%
EMEA,heist,Safe Zone,ANGELO,3,1,33.3%
EMEA,heist,Safe Zone,BEA,2,2,100.0%
EMEA,heist,Safe Zone,BELLE,4,3,75.0%
EMEA,heist,Safe Zone,BERRY,5,2,40.0%
EMEA,heist,Safe Zone,BO,1,0,0.0%
EMEA,heist,Safe Zone,BROCK,4,2,50.0%
EMEA,heist,Safe Zone,BULL,1,1,100.0%
EMEA,heist,Safe Zone,BYRON,3,1,33.3%
EMEA,heist,Safe Zone,CARL,2,0,0.0%
EMEA,heist,Safe Zone,CHARLIE,1,0,0.0%
EMEA,heist,Safe Zone,COLETTE,1,1,100.0%
EMEA,heist,Safe Zone,COLT,11,9,81.8%
EMEA,heist,Safe Zone,CROW,3,2,66.7%
EMEA,heist,Safe Zone,DARRYL,1,0,0.0%
EMEA,heist,Safe Zone,EDGAR,2,2,100.0%
EMEA,heist,Safe Zone,EVE,3,2,66.7%
EMEA,heist,Safe Zone,FINX,2,1,50.0%
EMEA,heist,Safe Zone,GIGI,1,0,0.0%
EMEA,heist,Safe Zone,GRIFF,1,1,100.0%
EMEA,heist,Safe Zone,KAZE,7,3,42.9%
EMEA,heist,Safe Zone,LOLA,1,1,100.0%
EMEA,heist,Safe Zone,MELODIE,5,2,40.0%
EMEA,heist,Safe Zone,MICO,1,1,100.0%
EMEA,heist,Safe Zone,NAJIA,4,1,25.0%
EMEA,heist,Safe Zone,NANI,2,2,100.0%
EMEA,heist,Safe Zone,OTIS,6,2,33.3%
EMEA,heist,Safe Zone,PENNY,8,2,25.0%
EMEA,heist,Safe Zone,PIERCE,5,2,40.0%
EMEA,heist,Safe Zone,R-T,1,0,0.0%
EMEA,heist,Safe Zone,RUFFS,2,1,50.0%
EMEA,heist,Safe Zone,SHADE,2,0,0.0%
EMEA,hotZone,Dueling Beetles,ALLI,1,1,100.0%
EMEA,hotZone,Dueling Beetles,BARLEY,2,2,100.0%
EMEA,hotZone,Dueling Beetles,BO,1,1,100.0%
EMEA,hotZone,Dueling Beetles,BROCK,1,1,100.0%
EMEA,hotZone,Dueling Beetles,BYRON,4,2,50.0%
EMEA,hotZone,Dueling Beetles,CHARLIE,1,1,100.0%
EMEA,hotZone,Dueling Beetles,CHESTER,8,2,25.0%
EMEA,hotZone,Dueling Beetles,COLETTE,2,0,0.0%
EMEA,hotZone,Dueling Beetles,CROW,8,4,50.0%
EMEA,hotZone,Dueling Beetles,DRACO,2,1,50.0%
EMEA,hotZone,Dueling Beetles,EDGAR,5,1,20.0%
EMEA,hotZone,Dueling Beetles,EMZ,1,0,0.0%
EMEA,hotZone,Dueling Beetles,FANG,1,1,100.0%
EMEA,hotZone,Dueling Beetles,FINX,8,4,50.0%
EMEA,hotZone,Dueling Beetles,GALE,1,0,0.0%
EMEA,hotZone,Dueling Beetles,GRAY,4,3,75.0%
EMEA,hotZone,Dueling Beetles,GRIFF,5,4,80.0%
EMEA,hotZone,Dueling Beetles,KAZE,2,0,0.0%
EMEA,hotZone,Dueling Beetles,KENJI,5,3,60.0%
EMEA,hotZone,Dueling Beetles,LEON,7,5,71.4%
EMEA,hotZone,Dueling Beetles,LOU,3,2,66.7%
EMEA,hotZone,Dueling Beetles,LUMI,9,5,55.6%
EMEA,hotZone,Dueling Beetles,MEEPLE,11,6,54.5%
EMEA,hotZone,Dueling Beetles,MINA,7,5,71.4%
EMEA,hotZone,Dueling Beetles,MORTIS,3,2,66.7%
EMEA,hotZone,Dueling Beetles,NAJIA,1,0,0.0%
EMEA,hotZone,Dueling Beetles,OTIS,6,4,66.7%
EMEA,hotZone,Dueling Beetles,PAM,5,2,40.0%
EMEA,hotZone,Dueling Beetles,PENNY,6,2,33.3%
EMEA,hotZone,Dueling Beetles,PIERCE,9,3,33.3%
EMEA,hotZone,Dueling Beetles,POCO,5,1,20.0%
EMEA,hotZone,Dueling Beetles,RUFFS,3,1,33.3%
EMEA,hotZone,Dueling Beetles,SHADE,1,0,0.0%
EMEA,hotZone,Dueling Beetles,SIRIUS,2,2,100.0%
EMEA,hotZone,Dueling Beetles,SQUEAK,1,1,100.0%
EMEA,hotZone,Dueling Beetles,STU,9,3,33.3%
EMEA,hotZone,Fishing Bed,CORDELIUS,1,0,0.0%
EMEA,hotZone,Fishing Bed,DAMIAN,3,3,100.0%
EMEA,hotZone,Fishing Bed,TARA,2,0,0.0%
EMEA,hotZone,In the Liminal,EDGAR,1,0,0.0%
EMEA,hotZone,In the Liminal,MORTIS,1,0,0.0%
EMEA,hotZone,Open Business,AMBER,1,0,0.0%
EMEA,hotZone,Open Business,BYRON,1,1,100.0%
EMEA,hotZone,Open Business,CHARLIE,1,1,100.0%
EMEA,hotZone,Open Business,CHESTER,3,3,100.0%
EMEA,hotZone,Open Business,CROW,2,1,50.0%
EMEA,hotZone,Open Business,DAMIAN,1,1,100.0%
EMEA,hotZone,Open Business,EDGAR,1,1,100.0%
EMEA,hotZone,Open Business,EMZ,4,3,75.0%
EMEA,hotZone,Open Business,FINX,3,3,100.0%
EMEA,hotZone,Open Business,GLOWY,1,0,0.0%
EMEA,hotZone,Open Business,GRAY,3,2,66.7%
EMEA,hotZone,Open Business,GRIFF,5,4,80.0%
EMEA,hotZone,Open Business,HANK,1,0,0.0%
EMEA,hotZone,Open Business,KAZE,1,0,0.0%
EMEA,hotZone,Open Business,KENJI,3,2,66.7%
EMEA,hotZone,Open Business,LOU,6,2,33.3%
EMEA,hotZone,Open Business,LUMI,9,4,44.4%
EMEA,hotZone,Open Business,MEEPLE,3,0,0.0%
EMEA,hotZone,Open Business,MINA,5,1,20.0%
EMEA,hotZone,Open Business,MORTIS,3,1,33.3%
EMEA,hotZone,Open Business,NITA,1,0,0.0%
EMEA,hotZone,Open Business,OTIS,1,0,0.0%
EMEA,hotZone,Open Business,PENNY,1,1,100.0%
EMEA,hotZone,Open Business,PIERCE,3,3,100.0%
EMEA,hotZone,Open Business,POCO,1,1,100.0%
EMEA,hotZone,Open Business,RUFFS,5,1,20.0%
EMEA,hotZone,Open Business,SHADE,3,0,0.0%
EMEA,hotZone,Open Business,SIRIUS,3,2,66.7%
EMEA,hotZone,Open Business,STU,6,3,50.0%
EMEA,hotZone,Open Business,ZIGGY,3,1,33.3%
EMEA,hotZone,Ring of Fire,8-BIT,2,0,0.0%
EMEA,hotZone,Ring of Fire,ALLI,3,1,33.3%
EMEA,hotZone,Ring of Fire,AMBER,3,1,33.3%
EMEA,hotZone,Ring of Fire,BARLEY,4,0,0.0%
EMEA,hotZone,Ring of Fire,BIBI,3,0,0.0%
EMEA,hotZone,Ring of Fire,BO,4,3,75.0%
EMEA,hotZone,Ring of Fire,BULL,3,1,33.3%
EMEA,hotZone,Ring of Fire,BUSTER,3,3,100.0%
EMEA,hotZone,Ring of Fire,BYRON,3,2,66.7%
EMEA,hotZone,Ring of Fire,CHARLIE,3,2,66.7%
EMEA,hotZone,Ring of Fire,CHESTER,4,2,50.0%
EMEA,hotZone,Ring of Fire,CHUCK,2,1,50.0%
EMEA,hotZone,Ring of Fire,CLANCY,5,5,100.0%
EMEA,hotZone,Ring of Fire,COLETTE,5,5,100.0%
EMEA,hotZone,Ring of Fire,CROW,1,0,0.0%
EMEA,hotZone,Ring of Fire,DRACO,6,6,100.0%
EMEA,hotZone,Ring of Fire,EDGAR,11,7,63.6%
EMEA,hotZone,Ring of Fire,EMZ,2,0,0.0%
EMEA,hotZone,Ring of Fire,EVE,3,0,0.0%
EMEA,hotZone,Ring of Fire,FANG,5,0,0.0%
EMEA,hotZone,Ring of Fire,FINX,14,9,64.3%
EMEA,hotZone,Ring of Fire,FRANK,3,0,0.0%
EMEA,hotZone,Ring of Fire,GIGI,3,0,0.0%
EMEA,hotZone,Ring of Fire,GLOWY,1,1,100.0%
EMEA,hotZone,Ring of Fire,GRAY,1,0,0.0%
EMEA,hotZone,Ring of Fire,GRIFF,6,3,50.0%
EMEA,hotZone,Ring of Fire,HANK,3,0,0.0%
EMEA,hotZone,Ring of Fire,JUJU,3,3,100.0%
EMEA,hotZone,Ring of Fire,KAZE,3,0,0.0%
EMEA,hotZone,Ring of Fire,KENJI,2,2,100.0%
EMEA,hotZone,Ring of Fire,KIT,3,0,0.0%
EMEA,hotZone,Ring of Fire,LEON,2,1,50.0%
EMEA,hotZone,Ring of Fire,LILY,7,3,42.9%
EMEA,hotZone,Ring of Fire,LOLA,6,2,33.3%
EMEA,hotZone,Ring of Fire,LOU,4,0,0.0%
EMEA,hotZone,Ring of Fire,LUMI,7,3,42.9%
EMEA,hotZone,Ring of Fire,MAISIE,1,0,0.0%
EMEA,hotZone,Ring of Fire,MANDY,3,3,100.0%
EMEA,hotZone,Ring of Fire,MAX,3,3,100.0%
EMEA,hotZone,Ring of Fire,MEEPLE,5,2,40.0%
EMEA,hotZone,Ring of Fire,MEG,3,3,100.0%
EMEA,hotZone,Ring of Fire,MICO,3,0,0.0%
EMEA,hotZone,Ring of Fire,MINA,9,4,44.4%
EMEA,hotZone,Ring of Fire,MORTIS,12,8,66.7%
EMEA,hotZone,Ring of Fire,NAJIA,8,7,87.5%
EMEA,hotZone,Ring of Fire,NANI,3,3,100.0%
EMEA,hotZone,Ring of Fire,NITA,3,3,100.0%
EMEA,hotZone,Ring of Fire,OTIS,1,0,0.0%
EMEA,hotZone,Ring of Fire,PAM,7,6,85.7%
EMEA,hotZone,Ring of Fire,PENNY,3,2,66.7%
EMEA,hotZone,Ring of Fire,PIERCE,8,5,62.5%
EMEA,hotZone,Ring of Fire,PIPER,3,3,100.0%
EMEA,hotZone,Ring of Fire,POCO,8,3,37.5%
EMEA,hotZone,Ring of Fire,RUFFS,7,5,71.4%
EMEA,hotZone,Ring of Fire,SANDY,3,0,0.0%
EMEA,hotZone,Ring of Fire,SHELLY,3,0,0.0%
EMEA,hotZone,Ring of Fire,SIRIUS,7,1,14.3%
EMEA,hotZone,Ring of Fire,SPROUT,10,4,40.0%
EMEA,hotZone,Ring of Fire,SQUEAK,3,3,100.0%
EMEA,hotZone,Ring of Fire,STU,6,5,83.3%
EMEA,hotZone,Ring of Fire,TARA,3,0,0.0%
EMEA,hotZone,Ring of Fire,TICK,3,3,100.0%
EMEA,hotZone,Ring of Fire,TRUNK,5,0,0.0%
EMEA,hotZone,Ring of Fire,ZIGGY,4,0,0.0%
EMEA,knockout,Belle's Rock,ANGELO,4,3,75.0%
EMEA,knockout,Belle's Rock,BELLE,3,3,100.0%
EMEA,knockout,Belle's Rock,BROCK,13,5,38.5%
EMEA,knockout,Belle's Rock,BUSTER,1,0,0.0%
EMEA,knockout,Belle's Rock,BYRON,11,5,45.5%
EMEA,knockout,Belle's Rock,CHARLIE,4,1,25.0%
EMEA,knockout,Belle's Rock,COLETTE,2,2,100.0%
EMEA,knockout,Belle's Rock,COLT,1,0,0.0%
EMEA,knockout,Belle's Rock,EDGAR,3,2,66.7%
EMEA,knockout,Belle's Rock,FANG,2,2,100.0%
EMEA,knockout,Belle's Rock,FINX,1,1,100.0%
EMEA,knockout,Belle's Rock,GENE,7,3,42.9%
EMEA,knockout,Belle's Rock,GRAY,2,1,50.0%
EMEA,knockout,Belle's Rock,GRIFF,1,1,100.0%
EMEA,knockout,Belle's Rock,GUS,1,1,100.0%
EMEA,knockout,Belle's Rock,JAE-YONG,3,1,33.3%
EMEA,knockout,Belle's Rock,KIT,2,0,0.0%
EMEA,knockout,Belle's Rock,LEON,7,3,42.9%
EMEA,knockout,Belle's Rock,MAISIE,3,0,0.0%
EMEA,knockout,Belle's Rock,MEEPLE,1,1,100.0%
EMEA,knockout,Belle's Rock,MINA,7,4,57.1%
EMEA,knockout,Belle's Rock,MORTIS,5,1,20.0%
EMEA,knockout,Belle's Rock,NAJIA,2,1,50.0%
EMEA,knockout,Belle's Rock,NANI,3,1,33.3%
EMEA,knockout,Belle's Rock,OLLIE,1,1,100.0%
EMEA,knockout,Belle's Rock,PIERCE,8,3,37.5%
EMEA,knockout,Belle's Rock,PIPER,1,1,100.0%
EMEA,knockout,Belle's Rock,R-T,7,4,57.1%
EMEA,knockout,Belle's Rock,RICO,10,4,40.0%
EMEA,knockout,Belle's Rock,RUFFS,4,3,75.0%
EMEA,knockout,Belle's Rock,SIRIUS,1,1,100.0%
EMEA,knockout,Belle's Rock,SPROUT,3,2,66.7%
EMEA,knockout,Belle's Rock,TICK,1,1,100.0%
EMEA,knockout,Belle's Rock,ZIGGY,1,1,100.0%
EMEA,knockout,Goldarm Gulch,ANGELO,5,2,40.0%
EMEA,knockout,Goldarm Gulch,BELLE,4,2,50.0%
EMEA,knockout,Goldarm Gulch,BROCK,7,4,57.1%
EMEA,knockout,Goldarm Gulch,BYRON,1,0,0.0%
EMEA,knockout,Goldarm Gulch,CHARLIE,1,0,0.0%
EMEA,knockout,Goldarm Gulch,COLETTE,1,1,100.0%
EMEA,knockout,Goldarm Gulch,CROW,1,0,0.0%
EMEA,knockout,Goldarm Gulch,DARRYL,2,1,50.0%
EMEA,knockout,Goldarm Gulch,FANG,2,0,0.0%
EMEA,knockout,Goldarm Gulch,GENE,3,3,100.0%
EMEA,knockout,Goldarm Gulch,GRAY,1,1,100.0%
EMEA,knockout,Goldarm Gulch,GRIFF,1,0,0.0%
EMEA,knockout,Goldarm Gulch,GUS,1,1,100.0%
EMEA,knockout,Goldarm Gulch,JAE-YONG,2,0,0.0%
EMEA,knockout,Goldarm Gulch,LEON,4,2,50.0%
EMEA,knockout,Goldarm Gulch,MANDY,1,1,100.0%
EMEA,knockout,Goldarm Gulch,MAX,1,1,100.0%
EMEA,knockout,Goldarm Gulch,MEEPLE,3,1,33.3%
EMEA,knockout,Goldarm Gulch,MINA,1,1,100.0%
EMEA,knockout,Goldarm Gulch,MORTIS,4,3,75.0%
EMEA,knockout,Goldarm Gulch,NANI,1,0,0.0%
EMEA,knockout,Goldarm Gulch,OLLIE,6,3,50.0%
EMEA,knockout,Goldarm Gulch,PEARL,2,1,50.0%
EMEA,knockout,Goldarm Gulch,PIERCE,5,2,40.0%
EMEA,knockout,Goldarm Gulch,PIPER,2,1,50.0%
EMEA,knockout,Goldarm Gulch,R-T,7,4,57.1%
EMEA,knockout,Goldarm Gulch,RICO,1,1,100.0%
EMEA,knockout,Goldarm Gulch,RUFFS,2,1,50.0%
EMEA,knockout,Goldarm Gulch,SHADE,1,0,0.0%
EMEA,knockout,Goldarm Gulch,SIRIUS,2,1,50.0%
EMEA,knockout,Goldarm Gulch,SPIKE,2,0,0.0%
EMEA,knockout,Goldarm Gulch,SPROUT,1,1,100.0%
EMEA,knockout,Goldarm Gulch,SQUEAK,1,1,100.0%
EMEA,knockout,Goldarm Gulch,TICK,3,1,33.3%
EMEA,knockout,Goldarm Gulch,ZIGGY,2,1,50.0%
EMEA,knockout,New Horizons,ANGELO,1,1,100.0%
EMEA,knockout,New Horizons,BULL,1,1,100.0%
EMEA,knockout,New Horizons,BUSTER,1,1,100.0%
EMEA,knockout,New Horizons,BYRON,2,1,50.0%
EMEA,knockout,New Horizons,CHARLIE,1,1,100.0%
EMEA,knockout,New Horizons,COLETTE,1,0,0.0%
EMEA,knockout,New Horizons,JAE-YONG,1,0,0.0%
EMEA,knockout,New Horizons,KIT,2,0,0.0%
EMEA,knockout,New Horizons,MORTIS,1,0,0.0%
EMEA,knockout,New Horizons,RUFFS,1,1,100.0%
EMEA,knockout,Out in the Open,ANGELO,2,1,50.0%
EMEA,knockout,Out in the Open,BELLE,1,0,0.0%
EMEA,knockout,Out in the Open,BO,1,1,100.0%
EMEA,knockout,Out in the Open,BROCK,4,2,50.0%
EMEA,knockout,Out in the Open,BYRON,4,4,100.0%
EMEA,knockout,Out in the Open,CARL,3,3,100.0%
EMEA,knockout,Out in the Open,CHARLIE,1,0,0.0%
EMEA,knockout,Out in the Open,COLETTE,4,2,50.0%
EMEA,knockout,Out in the Open,CROW,3,0,0.0%
EMEA,knockout,Out in the Open,DOUG,1,1,100.0%
EMEA,knockout,Out in the Open,EVE,4,1,25.0%
EMEA,knockout,Out in the Open,FANG,1,0,0.0%
EMEA,knockout,Out in the Open,FINX,2,2,100.0%
EMEA,knockout,Out in the Open,GENE,1,1,100.0%
EMEA,knockout,Out in the Open,GRIFF,1,0,0.0%
EMEA,knockout,Out in the Open,GUS,6,5,83.3%
EMEA,knockout,Out in the Open,JAE-YONG,5,1,20.0%
EMEA,knockout,Out in the Open,JANET,1,1,100.0%
EMEA,knockout,Out in the Open,KIT,4,3,75.0%
EMEA,knockout,Out in the Open,LEON,2,2,100.0%
EMEA,knockout,Out in the Open,MAX,2,1,50.0%
EMEA,knockout,Out in the Open,MEEPLE,6,0,0.0%
EMEA,knockout,Out in the Open,MINA,2,1,50.0%
EMEA,knockout,Out in the Open,MORTIS,1,1,100.0%
EMEA,knockout,Out in the Open,NAJIA,1,1,100.0%
EMEA,knockout,Out in the Open,NANI,1,0,0.0%
EMEA,knockout,Out in the Open,OLLIE,3,0,0.0%
EMEA,knockout,Out in the Open,PEARL,6,4,66.7%
EMEA,knockout,Out in the Open,PIERCE,3,0,0.0%
EMEA,knockout,Out in the Open,PIPER,1,0,0.0%
EMEA,knockout,Out in the Open,R-T,2,2,100.0%
EMEA,knockout,Out in the Open,RUFFS,4,2,50.0%
EMEA,knockout,Out in the Open,TICK,1,0,0.0%
EMEA,volleyBrawl,Power Alley,BONNIE,1,0,0.0%
EMEA,volleyBrawl,Power Alley,CARL,1,1,100.0%
EMEA,volleyBrawl,Power Alley,CHARLIE,1,1,100.0%
EMEA,volleyBrawl,Power Alley,CHESTER,1,1,100.0%
EMEA,volleyBrawl,Power Alley,COLETTE,1,1,100.0%
EMEA,volleyBrawl,Power Alley,CORDELIUS,1,1,100.0%
EMEA,volleyBrawl,Power Alley,CROW,4,2,50.0%
EMEA,volleyBrawl,Power Alley,DAMIAN,3,0,0.0%
EMEA,volleyBrawl,Power Alley,EDGAR,2,0,0.0%
EMEA,volleyBrawl,Power Alley,EL PRIMO,1,0,0.0%
EMEA,volleyBrawl,Power Alley,EMZ,1,1,100.0%
EMEA,volleyBrawl,Power Alley,GALE,2,1,50.0%
EMEA,volleyBrawl,Power Alley,GUS,1,0,0.0%
EMEA,volleyBrawl,Power Alley,KAZE,2,2,100.0%
EMEA,volleyBrawl,Power Alley,KENJI,2,1,50.0%
EMEA,volleyBrawl,Power Alley,LUMI,5,3,60.0%
EMEA,volleyBrawl,Power Alley,MAISIE,2,2,100.0%
EMEA,volleyBrawl,Power Alley,MEEPLE,2,0,0.0%
EMEA,volleyBrawl,Power Alley,MINA,1,0,0.0%
EMEA,volleyBrawl,Power Alley,MORTIS,1,1,100.0%
EMEA,volleyBrawl,Power Alley,OTIS,2,1,50.0%
EMEA,volleyBrawl,Power Alley,PIERCE,1,1,100.0%
EMEA,volleyBrawl,Power Alley,SIRIUS,1,0,0.0%
EMEA,volleyBrawl,Power Alley,STU,2,0,0.0%
EMEA,volleyBrawl,Power Alley,SURGE,1,1,100.0%
NA,bounty,Dry Season,BYRON,2,2,100.0%
NA,bounty,Dry Season,COLETTE,2,1,50.0%
NA,bounty,Dry Season,COLT,1,0,0.0%
NA,bounty,Dry Season,GENE,1,0,0.0%
NA,bounty,Dry Season,GRAY,1,0,0.0%
NA,bounty,Dry Season,GUS,1,1,100.0%
NA,bounty,Dry Season,JANET,1,1,100.0%
NA,bounty,Dry Season,LEON,2,0,0.0%
NA,bounty,Dry Season,MORTIS,1,1,100.0%
NA,bounty,Hideout,BELLE,6,3,50.0%
NA,bounty,Hideout,BO,1,1,100.0%
NA,bounty,Hideout,BROCK,3,0,0.0%
NA,bounty,Hideout,BYRON,2,2,100.0%
NA,bounty,Hideout,CHARLIE,3,2,66.7%
NA,bounty,Hideout,COLETTE,3,0,0.0%
NA,bounty,Hideout,CROW,3,3,100.0%
NA,bounty,Hideout,FANG,1,1,100.0%
NA,bounty,Hideout,FRANK,1,1,100.0%
NA,bounty,Hideout,GENE,9,6,66.7%
NA,bounty,Hideout,GRIFF,1,1,100.0%
NA,bounty,Hideout,GUS,2,2,100.0%
NA,bounty,Hideout,JAE-YONG,2,1,50.0%
NA,bounty,Hideout,KAZE,4,2,50.0%
NA,bounty,Hideout,KENJI,1,0,0.0%
NA,bounty,Hideout,LEON,1,1,100.0%
NA,bounty,Hideout,LUMI,1,1,100.0%
NA,bounty,Hideout,MAX,2,2,100.0%
NA,bounty,Hideout,MEEPLE,1,0,0.0%
NA,bounty,Hideout,MELODIE,1,0,0.0%
NA,bounty,Hideout,MINA,6,4,66.7%
NA,bounty,Hideout,MORTIS,3,1,33.3%
NA,bounty,Hideout,NANI,3,2,66.7%
NA,bounty,Hideout,OLLIE,2,0,0.0%
NA,bounty,Hideout,PENNY,2,1,50.0%
NA,bounty,Hideout,PIERCE,7,1,14.3%
NA,bounty,Hideout,R-T,1,0,0.0%
NA,bounty,Hideout,RUFFS,5,0,0.0%
NA,bounty,Hideout,SIRIUS,1,1,100.0%
NA,bounty,Hit and Run,COLETTE,1,0,0.0%
NA,bounty,Hit and Run,CROW,1,0,0.0%
NA,bounty,Hit and Run,FINX,1,1,100.0%
NA,bounty,Hit and Run,GENE,1,0,0.0%
NA,bounty,Hit and Run,MANDY,1,1,100.0%
NA,bounty,Hit and Run,OTIS,1,1,100.0%
NA,bounty,Layer Cake,ALLI,1,1,100.0%
NA,bounty,Layer Cake,BELLE,2,1,50.0%
NA,bounty,Layer Cake,BROCK,1,0,0.0%
NA,bounty,Layer Cake,CARL,2,1,50.0%
NA,bounty,Layer Cake,CHESTER,1,0,0.0%
NA,bounty,Layer Cake,COLETTE,1,1,100.0%
NA,bounty,Layer Cake,CROW,1,0,0.0%
NA,bounty,Layer Cake,EDGAR,1,1,100.0%
NA,bounty,Layer Cake,FANG,2,1,50.0%
NA,bounty,Layer Cake,GENE,3,2,66.7%
NA,bounty,Layer Cake,KAZE,2,1,50.0%
NA,bounty,Layer Cake,KENJI,2,0,0.0%
NA,bounty,Layer Cake,KIT,2,1,50.0%
NA,bounty,Layer Cake,LEON,2,1,50.0%
NA,bounty,Layer Cake,LUMI,1,0,0.0%
NA,bounty,Layer Cake,MEEPLE,5,2,40.0%
NA,bounty,Layer Cake,MORTIS,1,1,100.0%
NA,bounty,Layer Cake,PENNY,3,3,100.0%
NA,bounty,Layer Cake,PIERCE,3,0,0.0%
NA,bounty,Layer Cake,R-T,1,1,100.0%
NA,bounty,Layer Cake,RICO,1,1,100.0%
NA,bounty,Layer Cake,RUFFS,1,1,100.0%
NA,bounty,Layer Cake,SHADE,1,0,0.0%
NA,bounty,Layer Cake,SIRIUS,2,1,50.0%
NA,bounty,Layer Cake,SQUEAK,2,1,50.0%
NA,bounty,Layer Cake,STU,4,2,50.0%
NA,bounty,Shooting Star,ALLI,1,0,0.0%
NA,bounty,Shooting Star,ANGELO,2,1,50.0%
NA,bounty,Shooting Star,BELLE,4,3,75.0%
NA,bounty,Shooting Star,BYRON,1,0,0.0%
NA,bounty,Shooting Star,COLETTE,5,2,40.0%
NA,bounty,Shooting Star,CROW,1,0,0.0%
NA,bounty,Shooting Star,EVE,1,1,100.0%
NA,bounty,Shooting Star,FANG,1,0,0.0%
NA,bounty,Shooting Star,GENE,3,1,33.3%
NA,bounty,Shooting Star,GUS,1,1,100.0%
NA,bounty,Shooting Star,KAZE,3,1,33.3%
NA,bounty,Shooting Star,LEON,1,1,100.0%
NA,bounty,Shooting Star,LOLA,2,1,50.0%
NA,bounty,Shooting Star,MANDY,1,0,0.0%
NA,bounty,Shooting Star,MINA,1,1,100.0%
NA,bounty,Shooting Star,MORTIS,1,1,100.0%
NA,bounty,Shooting Star,NAJIA,1,1,100.0%
NA,bounty,Shooting Star,NANI,1,1,100.0%
NA,bounty,Shooting Star,PENNY,1,1,100.0%
NA,bounty,Shooting Star,PIERCE,1,0,0.0%
NA,bounty,Shooting Star,PIPER,2,1,50.0%
NA,bounty,Shooting Star,SPROUT,1,0,0.0%
NA,brawlBall,Pinhole Punt,ALLI,1,1,100.0%
NA,brawlBall,Pinhole Punt,BUSTER,1,0,0.0%
NA,brawlBall,Pinhole Punt,CHESTER,2,0,0.0%
NA,brawlBall,Pinhole Punt,COLT,1,0,0.0%
NA,brawlBall,Pinhole Punt,CROW,1,1,100.0%
NA,brawlBall,Pinhole Punt,EDGAR,1,1,100.0%
NA,brawlBall,Pinhole Punt,EMZ,1,1,100.0%
NA,brawlBall,Pinhole Punt,FANG,2,0,0.0%
NA,brawlBall,Pinhole Punt,LEON,1,0,0.0%
NA,brawlBall,Pinhole Punt,MINA,1,1,100.0%
NA,brawlBall,Pinhole Punt,MORTIS,1,1,100.0%
NA,brawlBall,Pinhole Punt,NAJIA,2,1,50.0%
NA,brawlBall,Pinhole Punt,OTIS,3,1,33.3%
NA,brawlBall,Pinhole Punt,PIERCE,1,0,0.0%
NA,brawlBall,Pinhole Punt,RUFFS,2,1,50.0%
NA,brawlBall,Pinhole Punt,STU,3,3,100.0%
NA,brawlBall,Sneaky Fields,ALLI,2,2,100.0%
NA,brawlBall,Sneaky Fields,BIBI,1,0,0.0%
NA,brawlBall,Sneaky Fields,BULL,6,4,66.7%
NA,brawlBall,Sneaky Fields,CHARLIE,2,1,50.0%
NA,brawlBall,Sneaky Fields,CHESTER,6,4,66.7%
NA,brawlBall,Sneaky Fields,COLETTE,2,0,0.0%
NA,brawlBall,Sneaky Fields,CROW,3,3,100.0%
NA,brawlBall,Sneaky Fields,EDGAR,2,1,50.0%
NA,brawlBall,Sneaky Fields,EL PRIMO,1,0,0.0%
NA,brawlBall,Sneaky Fields,EMZ,3,1,33.3%
NA,brawlBall,Sneaky Fields,FRANK,1,0,0.0%
NA,brawlBall,Sneaky Fields,GRIFF,6,2,33.3%
NA,brawlBall,Sneaky Fields,KENJI,2,1,50.0%
NA,brawlBall,Sneaky Fields,LUMI,4,1,25.0%
NA,brawlBall,Sneaky Fields,MAISIE,1,1,100.0%
NA,brawlBall,Sneaky Fields,MEEPLE,4,1,25.0%
NA,brawlBall,Sneaky Fields,MINA,1,1,100.0%
NA,brawlBall,Sneaky Fields,MOE,2,2,100.0%
NA,brawlBall,Sneaky Fields,MORTIS,7,2,28.6%
NA,brawlBall,Sneaky Fields,NAJIA,3,1,33.3%
NA,brawlBall,Sneaky Fields,NITA,5,3,60.0%
NA,brawlBall,Sneaky Fields,OTIS,9,4,44.4%
NA,brawlBall,Sneaky Fields,PIERCE,5,3,60.0%
NA,brawlBall,Sneaky Fields,POCO,4,1,25.0%
NA,brawlBall,Sneaky Fields,RICO,4,3,75.0%
NA,brawlBall,Sneaky Fields,ROSA,1,1,100.0%
NA,brawlBall,Sneaky Fields,RUFFS,3,1,33.3%
NA,brawlBall,Sneaky Fields,SANDY,9,3,33.3%
NA,brawlBall,Sneaky Fields,SHADE,3,2,66.7%
NA,brawlBall,Sneaky Fields,SIRIUS,4,3,75.0%
NA,brawlBall,Sneaky Fields,SPIKE,1,1,100.0%
NA,brawlBall,Sneaky Fields,STU,6,4,66.7%
NA,brawlBall,Sneaky Fields,TRUNK,1,0,0.0%
NA,brawlBall,Spiraling Out,CROW,1,0,0.0%
NA,brawlBall,Spiraling Out,DAMIAN,4,3,75.0%
NA,brawlBall,Spiraling Out,EDGAR,4,3,75.0%
NA,brawlBall,Spiraling Out,EMZ,2,1,50.0%
NA,brawlBall,Spiraling Out,GRIFF,1,0,0.0%
NA,brawlBall,Spiraling Out,JANET,1,1,100.0%
NA,brawlBall,Spiraling Out,NITA,1,0,0.0%
NA,brawlBall,Spiraling Out,PEARL,1,0,0.0%
NA,brawlBall,Spiraling Out,SANDY,1,1,100.0%
NA,brawlBall,Spiraling Out,SHELLY,1,0,0.0%
NA,brawlBall,Spiraling Out,STU,1,0,0.0%
NA,brawlBall,Super Beach,BULL,2,1,50.0%
NA,brawlBall,Super Beach,CHARLIE,1,0,0.0%
NA,brawlBall,Super Beach,CHESTER,4,3,75.0%
NA,brawlBall,Super Beach,COLT,1,1,100.0%
NA,brawlBall,Super Beach,CORDELIUS,3,2,66.7%
NA,brawlBall,Super Beach,CROW,3,1,33.3%
NA,brawlBall,Super Beach,DYNAMIKE,1,1,100.0%
NA,brawlBall,Super Beach,EDGAR,1,1,100.0%
NA,brawlBall,Super Beach,EL PRIMO,1,0,0.0%
NA,brawlBall,Super Beach,EMZ,2,0,0.0%
NA,brawlBall,Super Beach,FRANK,2,1,50.0%
NA,brawlBall,Super Beach,GALE,1,0,0.0%
NA,brawlBall,Super Beach,GRIFF,5,2,40.0%
NA,brawlBall,Super Beach,KENJI,1,1,100.0%
NA,brawlBall,Super Beach,KIT,1,0,0.0%
NA,brawlBall,Super Beach,LEON,1,1,100.0%
NA,brawlBall,Super Beach,LUMI,4,2,50.0%
NA,brawlBall,Super Beach,MEEPLE,3,1,33.3%
NA,brawlBall,Super Beach,MELODIE,1,1,100.0%
NA,brawlBall,Super Beach,MOE,5,1,20.0%
NA,brawlBall,Super Beach,MORTIS,9,4,44.4%
NA,brawlBall,Super Beach,NAJIA,1,0,0.0%
NA,brawlBall,Super Beach,OTIS,11,5,45.5%
NA,brawlBall,Super Beach,PENNY,1,1,100.0%
NA,brawlBall,Super Beach,PIERCE,4,4,100.0%
NA,brawlBall,Super Beach,POCO,1,1,100.0%
NA,brawlBall,Super Beach,R-T,2,1,50.0%
NA,brawlBall,Super Beach,RUFFS,3,2,66.7%
NA,brawlBall,Super Beach,SANDY,1,1,100.0%
NA,brawlBall,Super Beach,SHADE,6,3,50.0%
NA,brawlBall,Super Beach,SIRIUS,2,1,50.0%
NA,brawlBall,Super Beach,STU,8,3,37.5%
NA,brawlBall,Super Beach,TRUNK,1,1,100.0%
NA,brawlBall,Super Beach,WILLOW,3,1,33.3%
NA,gemGrab,Crystal Arcade,ALLI,1,0,0.0%
NA,gemGrab,Crystal Arcade,COLETTE,1,1,100.0%
NA,gemGrab,Crystal Arcade,CROW,1,0,0.0%
NA,gemGrab,Crystal Arcade,JANET,1,1,100.0%
NA,gemGrab,Crystal Arcade,LILY,1,1,100.0%
NA,gemGrab,Crystal Arcade,SIRIUS,1,0,0.0%
NA,gemGrab,Deathcap Trap,ALLI,1,1,100.0%
NA,gemGrab,Deathcap Trap,BYRON,1,0,0.0%
NA,gemGrab,Deathcap Trap,CHESTER,5,2,40.0%
NA,gemGrab,Deathcap Trap,COLT,1,1,100.0%
NA,gemGrab,Deathcap Trap,FANG,2,2,100.0%
NA,gemGrab,Deathcap Trap,FINX,1,1,100.0%
NA,gemGrab,Deathcap Trap,GRIFF,1,1,100.0%
NA,gemGrab,Deathcap Trap,GUS,1,0,0.0%
NA,gemGrab,Deathcap Trap,KENJI,3,1,33.3%
NA,gemGrab,Deathcap Trap,KIT,2,1,50.0%
NA,gemGrab,Deathcap Trap,LILY,3,2,66.7%
NA,gemGrab,Deathcap Trap,LUMI,9,7,77.8%
NA,gemGrab,Deathcap Trap,MEEPLE,1,0,0.0%
NA,gemGrab,Deathcap Trap,MOE,3,1,33.3%
NA,gemGrab,Deathcap Trap,MORTIS,4,1,25.0%
NA,gemGrab,Deathcap Trap,OTIS,6,2,33.3%
NA,gemGrab,Deathcap Trap,PENNY,4,2,50.0%
NA,gemGrab,Deathcap Trap,PIERCE,1,1,100.0%
NA,gemGrab,Deathcap Trap,RUFFS,4,3,75.0%
NA,gemGrab,Deathcap Trap,SHADE,4,2,50.0%
NA,gemGrab,Deathcap Trap,SIRIUS,5,2,40.0%
NA,gemGrab,Deathcap Trap,STU,8,2,25.0%
NA,gemGrab,Deathcap Trap,TRUNK,2,1,50.0%
NA,gemGrab,Double Swoosh,ALLI,1,1,100.0%
NA,gemGrab,Double Swoosh,BO,1,1,100.0%
NA,gemGrab,Double Swoosh,BULL,3,3,100.0%
NA,gemGrab,Double Swoosh,BYRON,1,1,100.0%
NA,gemGrab,Double Swoosh,CHARLIE,1,0,0.0%
NA,gemGrab,Double Swoosh,CHESTER,2,1,50.0%
NA,gemGrab,Double Swoosh,COLETTE,1,1,100.0%
NA,gemGrab,Double Swoosh,CROW,1,0,0.0%
NA,gemGrab,Double Swoosh,EMZ,1,0,0.0%
NA,gemGrab,Double Swoosh,GRAY,1,1,100.0%
NA,gemGrab,Double Swoosh,JANET,1,1,100.0%
NA,gemGrab,Double Swoosh,KIT,1,1,100.0%
NA,gemGrab,Double Swoosh,LEON,1,1,100.0%
NA,gemGrab,Double Swoosh,LILY,1,0,0.0%
NA,gemGrab,Double Swoosh,LUMI,1,0,0.0%
NA,gemGrab,Double Swoosh,MOE,2,0,0.0%
NA,gemGrab,Double Swoosh,MORTIS,3,0,0.0%
NA,gemGrab,Double Swoosh,NAJIA,1,0,0.0%
NA,gemGrab,Double Swoosh,NITA,4,1,25.0%
NA,gemGrab,Double Swoosh,OTIS,2,1,50.0%
NA,gemGrab,Double Swoosh,SANDY,3,2,66.7%
NA,gemGrab,Double Swoosh,STU,3,2,66.7%
NA,gemGrab,Double Swoosh,TARA,4,2,50.0%
NA,gemGrab,Double Swoosh,TRUNK,2,1,50.0%
NA,gemGrab,Gem Fort,ASH,1,0,0.0%
NA,gemGrab,Gem Fort,BO,2,1,50.0%
NA,gemGrab,Gem Fort,BUZZ,1,0,0.0%
NA,gemGrab,Gem Fort,CHARLIE,1,1,100.0%
NA,gemGrab,Gem Fort,CHESTER,1,0,0.0%
NA,gemGrab,Gem Fort,COLETTE,2,0,0.0%
NA,gemGrab,Gem Fort,CORDELIUS,2,2,100.0%
NA,gemGrab,Gem Fort,DAMIAN,4,3,75.0%
NA,gemGrab,Gem Fort,EDGAR,7,4,57.1%
NA,gemGrab,Gem Fort,EL PRIMO,1,1,100.0%
NA,gemGrab,Gem Fort,EMZ,1,1,100.0%
NA,gemGrab,Gem Fort,JESSIE,1,0,0.0%
NA,gemGrab,Gem Fort,KENJI,1,0,0.0%
NA,gemGrab,Gem Fort,LILY,3,1,33.3%
NA,gemGrab,Gem Fort,OTIS,1,1,100.0%
NA,gemGrab,Gem Fort,RUFFS,2,2,100.0%
NA,gemGrab,Gem Fort,SHADE,1,0,0.0%
NA,gemGrab,Gem Fort,SPIKE,1,0,0.0%
NA,gemGrab,Gem Fort,STU,2,0,0.0%
NA,gemGrab,Gem Fort,TARA,1,1,100.0%
NA,gemGrab,Hard Rock Mine,ASH,1,0,0.0%
NA,gemGrab,Hard Rock Mine,CARL,1,0,0.0%
NA,gemGrab,Hard Rock Mine,CHARLIE,1,1,100.0%
NA,gemGrab,Hard Rock Mine,CHESTER,9,3,33.3%
NA,gemGrab,Hard Rock Mine,CROW,3,0,0.0%
NA,gemGrab,Hard Rock Mine,EDGAR,3,1,33.3%
NA,gemGrab,Hard Rock Mine,FANG,6,4,66.7%
NA,gemGrab,Hard Rock Mine,FINX,1,0,0.0%
NA,gemGrab,Hard Rock Mine,GUS,1,1,100.0%
NA,gemGrab,Hard Rock Mine,KENJI,1,0,0.0%
NA,gemGrab,Hard Rock Mine,KIT,5,3,60.0%
NA,gemGrab,Hard Rock Mine,LILY,3,0,0.0%
NA,gemGrab,Hard Rock Mine,LOLA,1,1,100.0%
NA,gemGrab,Hard Rock Mine,LUMI,3,2,66.7%
NA,gemGrab,Hard Rock Mine,MAX,1,0,0.0%
NA,gemGrab,Hard Rock Mine,MORTIS,8,7,87.5%
NA,gemGrab,Hard Rock Mine,NAJIA,1,1,100.0%
NA,gemGrab,Hard Rock Mine,NITA,3,3,100.0%
NA,gemGrab,Hard Rock Mine,OTIS,8,4,50.0%
NA,gemGrab,Hard Rock Mine,PENNY,4,2,50.0%
NA,gemGrab,Hard Rock Mine,PIERCE,1,0,0.0%
NA,gemGrab,Hard Rock Mine,R-T,1,0,0.0%
NA,gemGrab,Hard Rock Mine,RICO,3,1,33.3%
NA,gemGrab,Hard Rock Mine,RUFFS,6,5,83.3%
NA,gemGrab,Hard Rock Mine,SANDY,2,0,0.0%
NA,gemGrab,Hard Rock Mine,SHADE,5,2,40.0%
NA,gemGrab,Hard Rock Mine,SIRIUS,6,2,33.3%
NA,gemGrab,Hard Rock Mine,STU,8,5,62.5%
NA,gemGrab,Hard Rock Mine,TARA,1,1,100.0%
NA,gemGrab,Hard Rock Mine,TRUNK,1,1,100.0%
NA,gemGrab,Satomi Springs,CHESTER,1,1,100.0%
NA,gemGrab,Satomi Springs,JANET,1,0,0.0%
NA,gemGrab,Satomi Springs,LEON,1,0,0.0%
NA,gemGrab,Satomi Springs,MEEPLE,1,0,0.0%
NA,gemGrab,Satomi Springs,MORTIS,1,1,100.0%
NA,gemGrab,Satomi Springs,SANDY,1,1,100.0%
NA,heist,Bridge Too Far,8-BIT,4,3,75.0%
NA,heist,Bridge Too Far,ALLI,2,2,100.0%
NA,heist,Bridge Too Far,AMBER,1,1,100.0%
NA,heist,Bridge Too Far,ANGELO,3,0,0.0%
NA,heist,Bridge Too Far,BELLE,1,0,0.0%
NA,heist,Bridge Too Far,BROCK,9,6,66.7%
NA,heist,Bridge Too Far,BYRON,1,0,0.0%
NA,heist,Bridge Too Far,CHARLIE,1,1,100.0%
NA,heist,Bridge Too Far,CHESTER,1,0,0.0%
NA,heist,Bridge Too Far,CHUCK,3,1,33.3%
NA,heist,Bridge Too Far,COLETTE,3,1,33.3%
NA,heist,Bridge Too Far,COLT,4,1,25.0%
NA,heist,Bridge Too Far,CROW,1,0,0.0%
NA,heist,Bridge Too Far,DARRYL,1,1,100.0%
NA,heist,Bridge Too Far,EDGAR,2,1,50.0%
NA,heist,Bridge Too Far,EVE,6,2,33.3%
NA,heist,Bridge Too Far,FINX,5,2,40.0%
NA,heist,Bridge Too Far,KAZE,13,7,53.8%
NA,heist,Bridge Too Far,LILY,2,1,50.0%
NA,heist,Bridge Too Far,LOLA,10,5,50.0%
NA,heist,Bridge Too Far,LUMI,5,1,20.0%
NA,heist,Bridge Too Far,MELODIE,4,1,25.0%
NA,heist,Bridge Too Far,NAJIA,4,3,75.0%
NA,heist,Bridge Too Far,NANI,7,3,42.9%
NA,heist,Bridge Too Far,OTIS,10,6,60.0%
NA,heist,Bridge Too Far,PIERCE,13,7,53.8%
NA,heist,Bridge Too Far,SHADE,3,3,100.0%
NA,heist,Bridge Too Far,SIRIUS,1,1,100.0%
NA,heist,Hot Potato,BERRY,1,0,0.0%
NA,heist,Hot Potato,BO,1,1,100.0%
NA,heist,Hot Potato,BULL,2,0,0.0%
NA,heist,Hot Potato,CARL,1,0,0.0%
NA,heist,Hot Potato,COLETTE,1,1,100.0%
NA,heist,Hot Potato,COLT,3,1,33.3%
NA,heist,Hot Potato,CROW,1,1,100.0%
NA,heist,Hot Potato,DARRYL,1,0,0.0%
NA,heist,Hot Potato,EDGAR,1,1,100.0%
NA,heist,Hot Potato,GLOWY,1,1,100.0%
NA,heist,Hot Potato,GRIFF,1,0,0.0%
NA,heist,Hot Potato,KAZE,1,0,0.0%
NA,heist,Hot Potato,LEON,1,1,100.0%
NA,heist,Hot Potato,LILY,1,1,100.0%
NA,heist,Hot Potato,LUMI,3,1,33.3%
NA,heist,Hot Potato,MICO,1,1,100.0%
NA,heist,Hot Potato,NAJIA,1,0,0.0%
NA,heist,Hot Potato,NITA,1,1,100.0%
NA,heist,Hot Potato,OTIS,1,1,100.0%
NA,heist,Perpetual Motion,BERRY,1,1,100.0%
NA,heist,Perpetual Motion,COLT,1,1,100.0%
NA,heist,Perpetual Motion,CROW,1,1,100.0%
NA,heist,Perpetual Motion,KAZE,1,0,0.0%
NA,heist,Perpetual Motion,LUMI,1,0,0.0%
NA,heist,Perpetual Motion,RUFFS,1,0,0.0%
NA,heist,Pit Stop,AMBER,1,0,0.0%
NA,heist,Pit Stop,BERRY,1,0,0.0%
NA,heist,Pit Stop,BIBI,1,1,100.0%
NA,heist,Pit Stop,CHARLIE,1,1,100.0%
NA,heist,Pit Stop,COLT,1,1,100.0%
NA,heist,Pit Stop,CROW,1,0,0.0%
NA,heist,Safe Zone,BELLE,1,1,100.0%
NA,heist,Safe Zone,BYRON,1,0,0.0%
NA,heist,Safe Zone,COLETTE,2,2,100.0%
NA,heist,Safe Zone,COLT,1,0,0.0%
NA,heist,Safe Zone,CROW,1,0,0.0%
NA,heist,Safe Zone,EVE,1,1,100.0%
NA,heist,Safe Zone,MICO,1,1,100.0%
NA,heist,Safe Zone,NAJIA,1,0,0.0%
NA,heist,Safe Zone,PENNY,1,0,0.0%
NA,heist,Safe Zone,PIERCE,1,1,100.0%
NA,heist,Safe Zone,SHADE,1,0,0.0%
NA,hotZone,Dueling Beetles,AMBER,1,0,0.0%
NA,hotZone,Dueling Beetles,FANG,1,0,0.0%
NA,hotZone,Dueling Beetles,GRIFF,1,0,0.0%
NA,hotZone,Dueling Beetles,KENJI,1,0,0.0%
NA,hotZone,Dueling Beetles,LOU,1,1,100.0%
NA,hotZone,Dueling Beetles,LUMI,1,1,100.0%
NA,hotZone,Dueling Beetles,MINA,1,1,100.0%
NA,hotZone,Dueling Beetles,MORTIS,1,1,100.0%
NA,hotZone,Dueling Beetles,PIERCE,1,1,100.0%
NA,hotZone,Dueling Beetles,POCO,1,0,0.0%
NA,hotZone,Dueling Beetles,STU,2,1,50.0%
NA,hotZone,Open Business,AMBER,1,0,0.0%
NA,hotZone,Open Business,BULL,1,1,100.0%
NA,hotZone,Open Business,CHESTER,4,3,75.0%
NA,hotZone,Open Business,CROW,2,1,50.0%
NA,hotZone,Open Business,EDGAR,3,2,66.7%
NA,hotZone,Open Business,EMZ,3,2,66.7%
NA,hotZone,Open Business,FINX,5,2,40.0%
NA,hotZone,Open Business,GLOWY,1,0,0.0%
NA,hotZone,Open Business,GRAY,3,2,66.7%
NA,hotZone,Open Business,GRIFF,2,1,50.0%
NA,hotZone,Open Business,HANK,2,0,0.0%
NA,hotZone,Open Business,KAZE,1,1,100.0%
NA,hotZone,Open Business,KENJI,4,1,25.0%
NA,hotZone,Open Business,LARRY & LAWRIE,1,1,100.0%
NA,hotZone,Open Business,LEON,2,1,50.0%
NA,hotZone,Open Business,LOU,4,2,50.0%
NA,hotZone,Open Business,LUMI,7,2,28.6%
NA,hotZone,Open Business,MEEPLE,3,1,33.3%
NA,hotZone,Open Business,MINA,2,0,0.0%
NA,hotZone,Open Business,MORTIS,3,1,33.3%
NA,hotZone,Open Business,NITA,2,1,50.0%
NA,hotZone,Open Business,OTIS,3,2,66.7%
NA,hotZone,Open Business,PENNY,2,2,100.0%
NA,hotZone,Open Business,PIERCE,2,2,100.0%
NA,hotZone,Open Business,POCO,1,1,100.0%
NA,hotZone,Open Business,RUFFS,3,1,33.3%
NA,hotZone,Open Business,SHADE,1,0,0.0%
NA,hotZone,Open Business,SIRIUS,4,2,50.0%
NA,hotZone,Open Business,STU,8,5,62.5%
NA,hotZone,Open Business,SURGE,1,0,0.0%
NA,hotZone,Open Business,TICK,1,1,100.0%
NA,hotZone,Open Business,ZIGGY,2,1,50.0%
NA,hotZone,Ring of Fire,ALLI,2,0,0.0%
NA,hotZone,Ring of Fire,AMBER,4,2,50.0%
NA,hotZone,Ring of Fire,BUSTER,1,0,0.0%
NA,hotZone,Ring of Fire,CHESTER,3,2,66.7%
NA,hotZone,Ring of Fire,COLETTE,1,0,0.0%
NA,hotZone,Ring of Fire,DRACO,1,1,100.0%
NA,hotZone,Ring of Fire,FANG,2,1,50.0%
NA,hotZone,Ring of Fire,FINX,2,0,0.0%
NA,hotZone,Ring of Fire,GRAY,1,0,0.0%
NA,hotZone,Ring of Fire,KENJI,1,1,100.0%
NA,hotZone,Ring of Fire,LEON,1,0,0.0%
NA,hotZone,Ring of Fire,LUMI,2,2,100.0%
NA,hotZone,Ring of Fire,MINA,1,1,100.0%
NA,hotZone,Ring of Fire,MORTIS,3,1,33.3%
NA,hotZone,Ring of Fire,NAJIA,3,2,66.7%
NA,hotZone,Ring of Fire,OTIS,2,1,50.0%
NA,hotZone,Ring of Fire,PAM,4,3,75.0%
NA,hotZone,Ring of Fire,POCO,2,1,50.0%
NA,hotZone,Ring of Fire,RUFFS,2,1,50.0%
NA,hotZone,Ring of Fire,SIRIUS,2,0,0.0%
NA,hotZone,Ring of Fire,STU,2,2,100.0%
NA,knockout,Belle's Rock,BELLE,1,1,100.0%
NA,knockout,Belle's Rock,BROCK,1,0,0.0%
NA,knockout,Belle's Rock,BYRON,1,0,0.0%
NA,knockout,Belle's Rock,CHARLIE,1,0,0.0%
NA,knockout,Belle's Rock,FRANK,1,1,100.0%
NA,knockout,Belle's Rock,GUS,2,1,50.0%
NA,knockout,Belle's Rock,JAE-YONG,1,1,100.0%
NA,knockout,Belle's Rock,MINA,1,1,100.0%
NA,knockout,Belle's Rock,MORTIS,1,1,100.0%
NA,knockout,Belle's Rock,R-T,1,0,0.0%
NA,knockout,Belle's Rock,TICK,1,0,0.0%
NA,knockout,Goldarm Gulch,ANGELO,2,1,50.0%
NA,knockout,Goldarm Gulch,BELLE,5,2,40.0%
NA,knockout,Goldarm Gulch,BROCK,2,1,50.0%
NA,knockout,Goldarm Gulch,BULL,1,0,0.0%
NA,knockout,Goldarm Gulch,BUSTER,2,0,0.0%
NA,knockout,Goldarm Gulch,DOUG,1,1,100.0%
NA,knockout,Goldarm Gulch,FANG,1,0,0.0%
NA,knockout,Goldarm Gulch,GENE,3,2,66.7%
NA,knockout,Goldarm Gulch,GRAY,1,1,100.0%
NA,knockout,Goldarm Gulch,LEON,2,2,100.0%
NA,knockout,Goldarm Gulch,MORTIS,4,2,50.0%
NA,knockout,Goldarm Gulch,NANI,1,0,0.0%
NA,knockout,Goldarm Gulch,OLLIE,3,3,100.0%
NA,knockout,Goldarm Gulch,PIERCE,2,2,100.0%
NA,knockout,Goldarm Gulch,R-T,4,1,25.0%
NA,knockout,Goldarm Gulch,RUFFS,3,2,66.7%
NA,knockout,Goldarm Gulch,SHADE,1,0,0.0%
NA,knockout,Goldarm Gulch,SIRIUS,2,1,50.0%
NA,knockout,Goldarm Gulch,SPIKE,2,0,0.0%
NA,knockout,Out in the Open,ANGELO,8,2,25.0%
NA,knockout,Out in the Open,BARLEY,1,0,0.0%
NA,knockout,Out in the Open,BELLE,1,1,100.0%
NA,knockout,Out in the Open,BO,1,1,100.0%
NA,knockout,Out in the Open,BROCK,6,4,66.7%
NA,knockout,Out in the Open,BUSTER,2,1,50.0%
NA,knockout,Out in the Open,BYRON,4,2,50.0%
NA,knockout,Out in the Open,CARL,3,3,100.0%
NA,knockout,Out in the Open,COLETTE,5,2,40.0%
NA,knockout,Out in the Open,COLT,2,1,50.0%
NA,knockout,Out in the Open,CROW,4,0,0.0%
NA,knockout,Out in the Open,DAMIAN,1,0,0.0%
NA,knockout,Out in the Open,DYNAMIKE,1,1,100.0%
NA,knockout,Out in the Open,EDGAR,1,1,100.0%
NA,knockout,Out in the Open,EVE,6,3,50.0%
NA,knockout,Out in the Open,FANG,2,1,50.0%
NA,knockout,Out in the Open,FINX,2,2,100.0%
NA,knockout,Out in the Open,GENE,4,2,50.0%
NA,knockout,Out in the Open,GRIFF,1,0,0.0%
NA,knockout,Out in the Open,GUS,8,5,62.5%
NA,knockout,Out in the Open,JAE-YONG,8,4,50.0%
NA,knockout,Out in the Open,KIT,2,1,50.0%
NA,knockout,Out in the Open,LEON,3,3,100.0%
NA,knockout,Out in the Open,MAX,1,0,0.0%
NA,knockout,Out in the Open,MEEPLE,10,1,10.0%
NA,knockout,Out in the Open,MINA,3,2,66.7%
NA,knockout,Out in the Open,NAJIA,1,1,100.0%
NA,knockout,Out in the Open,NANI,1,0,0.0%
NA,knockout,Out in the Open,OLLIE,1,1,100.0%
NA,knockout,Out in the Open,PEARL,6,4,66.7%
NA,knockout,Out in the Open,PIERCE,7,4,57.1%
NA,knockout,Out in the Open,PIPER,3,2,66.7%
NA,knockout,Out in the Open,R-T,2,2,100.0%
NA,knockout,Out in the Open,RUFFS,6,3,50.0%
NA,knockout,Out in the Open,SPIKE,1,0,0.0%
NA,knockout,Out in the Open,SPROUT,1,0,0.0%
NA,knockout,Out in the Open,TICK,1,0,0.0%
NA,siege,Afterpiece Arena,BULL,1,1,100.0%
NA,siege,Afterpiece Arena,CROW,1,1,100.0%
NA,siege,Afterpiece Arena,LILY,1,0,0.0%
NA,siege,Afterpiece Arena,LUMI,1,0,0.0%
NA,siege,Afterpiece Arena,MORTIS,1,1,100.0%
NA,siege,Afterpiece Arena,OLLIE,1,0,0.0%
SA,bounty,Hideout,ANGELO,5,3,60.0%
SA,bounty,Hideout,BELLE,3,2,66.7%
SA,bounty,Hideout,BERRY,1,1,100.0%
SA,bounty,Hideout,BO,2,1,50.0%
SA,bounty,Hideout,BROCK,2,1,50.0%
SA,bounty,Hideout,BYRON,9,6,66.7%
SA,bounty,Hideout,CHARLIE,3,1,33.3%
SA,bounty,Hideout,COLETTE,3,2,66.7%
SA,bounty,Hideout,CROW,2,1,50.0%
SA,bounty,Hideout,EDGAR,2,2,100.0%
SA,bounty,Hideout,GENE,8,3,37.5%
SA,bounty,Hideout,GLOWY,2,1,50.0%
SA,bounty,Hideout,GRAY,1,1,100.0%
SA,bounty,Hideout,GRIFF,1,0,0.0%
SA,bounty,Hideout,GUS,1,0,0.0%
SA,bounty,Hideout,HANK,1,0,0.0%
SA,bounty,Hideout,JAE-YONG,8,3,37.5%
SA,bounty,Hideout,KAZE,4,3,75.0%
SA,bounty,Hideout,KIT,1,0,0.0%
SA,bounty,Hideout,LEON,2,1,50.0%
SA,bounty,Hideout,LOLA,1,0,0.0%
SA,bounty,Hideout,MAX,2,0,0.0%
SA,bounty,Hideout,MEEPLE,1,0,0.0%
SA,bounty,Hideout,MELODIE,1,1,100.0%
SA,bounty,Hideout,MINA,6,4,66.7%
SA,bounty,Hideout,MORTIS,3,1,33.3%
SA,bounty,Hideout,NANI,2,0,0.0%
SA,bounty,Hideout,OLLIE,3,2,66.7%
SA,bounty,Hideout,PENNY,1,1,100.0%
SA,bounty,Hideout,PIERCE,5,1,20.0%
SA,bounty,Hideout,PIPER,1,1,100.0%
SA,bounty,Hideout,R-T,3,1,33.3%
SA,bounty,Hideout,RUFFS,5,4,80.0%
SA,bounty,Hideout,ZIGGY,1,0,0.0%
SA,bounty,Layer Cake,ALLI,1,1,100.0%
SA,bounty,Layer Cake,BELLE,2,1,50.0%
SA,bounty,Layer Cake,BROCK,2,0,0.0%
SA,bounty,Layer Cake,BULL,1,0,0.0%
SA,bounty,Layer Cake,CHESTER,2,0,0.0%
SA,bounty,Layer Cake,COLETTE,5,1,20.0%
SA,bounty,Layer Cake,CROW,2,1,50.0%
SA,bounty,Layer Cake,GENE,1,0,0.0%
SA,bounty,Layer Cake,GRAY,1,0,0.0%
SA,bounty,Layer Cake,KAZE,4,1,25.0%
SA,bounty,Layer Cake,KENJI,2,2,100.0%
SA,bounty,Layer Cake,KIT,3,1,33.3%
SA,bounty,Layer Cake,LEON,3,0,0.0%
SA,bounty,Layer Cake,LILY,1,0,0.0%
SA,bounty,Layer Cake,LUMI,2,1,50.0%
SA,bounty,Layer Cake,MANDY,2,1,50.0%
SA,bounty,Layer Cake,MAX,1,1,100.0%
SA,bounty,Layer Cake,MEEPLE,4,2,50.0%
SA,bounty,Layer Cake,MINA,1,1,100.0%
SA,bounty,Layer Cake,MORTIS,7,7,100.0%
SA,bounty,Layer Cake,NAJIA,1,0,0.0%
SA,bounty,Layer Cake,OTIS,4,1,25.0%
SA,bounty,Layer Cake,PENNY,4,4,100.0%
SA,bounty,Layer Cake,PIERCE,3,3,100.0%
SA,bounty,Layer Cake,SHADE,1,1,100.0%
SA,bounty,Layer Cake,SIRIUS,3,2,66.7%
SA,bounty,Layer Cake,SPROUT,1,0,0.0%
SA,bounty,Layer Cake,SURGE,1,1,100.0%
SA,bounty,Layer Cake,TICK,1,0,0.0%
SA,bounty,Shooting Star,8-BIT,2,2,100.0%
SA,bounty,Shooting Star,ALLI,1,0,0.0%
SA,bounty,Shooting Star,ANGELO,7,4,57.1%
SA,bounty,Shooting Star,BEA,1,0,0.0%
SA,bounty,Shooting Star,BELLE,10,5,50.0%
SA,bounty,Shooting Star,BYRON,7,3,42.9%
SA,bounty,Shooting Star,CHARLIE,2,1,50.0%
SA,bounty,Shooting Star,COLETTE,9,4,44.4%
SA,bounty,Shooting Star,CROW,2,1,50.0%
SA,bounty,Shooting Star,EVE,1,1,100.0%
SA,bounty,Shooting Star,FANG,2,0,0.0%
SA,bounty,Shooting Star,GENE,4,0,0.0%
SA,bounty,Shooting Star,GRAY,3,1,33.3%
SA,bounty,Shooting Star,GUS,4,2,50.0%
SA,bounty,Shooting Star,JAE-YONG,6,2,33.3%
SA,bounty,Shooting Star,KAZE,3,2,66.7%
SA,bounty,Shooting Star,LEON,4,3,75.0%
SA,bounty,Shooting Star,LOLA,1,1,100.0%
SA,bounty,Shooting Star,MELODIE,1,1,100.0%
SA,bounty,Shooting Star,MICO,2,1,50.0%
SA,bounty,Shooting Star,MINA,3,1,33.3%
SA,bounty,Shooting Star,MORTIS,5,4,80.0%
SA,bounty,Shooting Star,MR. P,1,0,0.0%
SA,bounty,Shooting Star,NAJIA,2,1,50.0%
SA,bounty,Shooting Star,NANI,6,3,50.0%
SA,bounty,Shooting Star,OLLIE,1,0,0.0%
SA,bounty,Shooting Star,OTIS,1,0,0.0%
SA,bounty,Shooting Star,PAM,1,0,0.0%
SA,bounty,Shooting Star,PENNY,1,0,0.0%
SA,bounty,Shooting Star,PIERCE,5,2,40.0%
SA,bounty,Shooting Star,PIPER,4,4,100.0%
SA,bounty,Shooting Star,R-T,5,4,80.0%
SA,bounty,Shooting Star,RUFFS,4,1,25.0%
SA,bounty,Shooting Star,SQUEAK,1,1,100.0%
SA,bounty,Shooting Star,TICK,1,1,100.0%
SA,bounty,Shooting Star,ZIGGY,1,1,100.0%
SA,brawlBall,Backyard Bowl,DAMIAN,1,0,0.0%
SA,brawlBall,Backyard Bowl,HANK,1,0,0.0%
SA,brawlBall,Pinhole Punt,ALLI,7,3,42.9%
SA,brawlBall,Pinhole Punt,ASH,1,0,0.0%
SA,brawlBall,Pinhole Punt,BULL,2,1,50.0%
SA,brawlBall,Pinhole Punt,BUSTER,3,1,33.3%
SA,brawlBall,Pinhole Punt,BYRON,1,1,100.0%
SA,brawlBall,Pinhole Punt,CARL,1,0,0.0%
SA,brawlBall,Pinhole Punt,CHARLIE,6,4,66.7%
SA,brawlBall,Pinhole Punt,CHESTER,8,6,75.0%
SA,brawlBall,Pinhole Punt,COLETTE,6,2,33.3%
SA,brawlBall,Pinhole Punt,COLT,1,1,100.0%
SA,brawlBall,Pinhole Punt,CORDELIUS,2,1,50.0%
SA,brawlBall,Pinhole Punt,EDGAR,5,3,60.0%
SA,brawlBall,Pinhole Punt,EMZ,2,1,50.0%
SA,brawlBall,Pinhole Punt,FANG,4,2,50.0%
SA,brawlBall,Pinhole Punt,GRIFF,3,1,33.3%
SA,brawlBall,Pinhole Punt,HANK,1,1,100.0%
SA,brawlBall,Pinhole Punt,KENJI,3,1,33.3%
SA,brawlBall,Pinhole Punt,LEON,5,2,40.0%
SA,brawlBall,Pinhole Punt,LUMI,7,3,42.9%
SA,brawlBall,Pinhole Punt,MEEPLE,8,5,62.5%
SA,brawlBall,Pinhole Punt,MINA,4,3,75.0%
SA,brawlBall,Pinhole Punt,MOE,4,1,25.0%
SA,brawlBall,Pinhole Punt,MORTIS,4,1,25.0%
SA,brawlBall,Pinhole Punt,NAJIA,3,2,66.7%
SA,brawlBall,Pinhole Punt,OTIS,10,3,30.0%
SA,brawlBall,Pinhole Punt,PAM,2,1,50.0%
SA,brawlBall,Pinhole Punt,PIERCE,6,3,50.0%
SA,brawlBall,Pinhole Punt,POCO,1,0,0.0%
SA,brawlBall,Pinhole Punt,RUFFS,4,3,75.0%
SA,brawlBall,Pinhole Punt,SHADE,3,2,66.7%
SA,brawlBall,Pinhole Punt,SIRIUS,3,1,33.3%
SA,brawlBall,Pinhole Punt,SQUEAK,1,1,100.0%
SA,brawlBall,Pinhole Punt,STU,9,5,55.6%
SA,brawlBall,Pinhole Punt,TRUNK,1,0,0.0%
SA,brawlBall,Pinhole Punt,ZIGGY,1,1,100.0%
SA,brawlBall,Sneaky Fields,ALLI,2,2,100.0%
SA,brawlBall,Sneaky Fields,BIBI,1,0,0.0%
SA,brawlBall,Sneaky Fields,BULL,2,0,0.0%
SA,brawlBall,Sneaky Fields,CARL,1,1,100.0%
SA,brawlBall,Sneaky Fields,CHARLIE,1,0,0.0%
SA,brawlBall,Sneaky Fields,CHESTER,3,2,66.7%
SA,brawlBall,Sneaky Fields,COLETTE,2,1,50.0%
SA,brawlBall,Sneaky Fields,CORDELIUS,1,1,100.0%
SA,brawlBall,Sneaky Fields,CROW,2,1,50.0%
SA,brawlBall,Sneaky Fields,EDGAR,2,1,50.0%
SA,brawlBall,Sneaky Fields,EMZ,2,2,100.0%
SA,brawlBall,Sneaky Fields,FANG,1,0,0.0%
SA,brawlBall,Sneaky Fields,GRIFF,4,1,25.0%
SA,brawlBall,Sneaky Fields,LUMI,3,2,66.7%
SA,brawlBall,Sneaky Fields,MEEPLE,1,0,0.0%
SA,brawlBall,Sneaky Fields,MORTIS,3,2,66.7%
SA,brawlBall,Sneaky Fields,NAJIA,3,3,100.0%
SA,brawlBall,Sneaky Fields,NITA,1,0,0.0%
SA,brawlBall,Sneaky Fields,OTIS,5,2,40.0%
SA,brawlBall,Sneaky Fields,PIERCE,1,0,0.0%
SA,brawlBall,Sneaky Fields,POCO,2,1,50.0%
SA,brawlBall,Sneaky Fields,RICO,1,0,0.0%
SA,brawlBall,Sneaky Fields,RUFFS,3,0,0.0%
SA,brawlBall,Sneaky Fields,SANDY,2,1,50.0%
SA,brawlBall,Sneaky Fields,SPIKE,4,3,75.0%
SA,brawlBall,Sneaky Fields,SQUEAK,1,1,100.0%
SA,brawlBall,Super Beach,BARLEY,1,1,100.0%
SA,brawlBall,Super Beach,BEA,1,1,100.0%
SA,brawlBall,Super Beach,BERRY,1,1,100.0%
SA,brawlBall,Super Beach,BIBI,1,1,100.0%
SA,brawlBall,Super Beach,BULL,1,1,100.0%
SA,brawlBall,Super Beach,BUZZ,1,1,100.0%
SA,brawlBall,Super Beach,CHARLIE,2,1,50.0%
SA,brawlBall,Super Beach,CHESTER,4,3,75.0%
SA,brawlBall,Super Beach,COLETTE,1,0,0.0%
SA,brawlBall,Super Beach,CORDELIUS,4,4,100.0%
SA,brawlBall,Super Beach,CROW,5,2,40.0%
SA,brawlBall,Super Beach,DYNAMIKE,2,1,50.0%
SA,brawlBall,Super Beach,EDGAR,3,2,66.7%
SA,brawlBall,Super Beach,EL PRIMO,2,1,50.0%
SA,brawlBall,Super Beach,EMZ,2,0,0.0%
SA,brawlBall,Super Beach,FRANK,3,1,33.3%
SA,brawlBall,Super Beach,GALE,2,1,50.0%
SA,brawlBall,Super Beach,GRIFF,7,2,28.6%
SA,brawlBall,Super Beach,HANK,2,0,0.0%
SA,brawlBall,Super Beach,KIT,1,0,0.0%
SA,brawlBall,Super Beach,LUMI,3,2,66.7%
SA,brawlBall,Super Beach,MAISIE,1,0,0.0%
SA,brawlBall,Super Beach,MAX,1,0,0.0%
SA,brawlBall,Super Beach,MEEPLE,5,4,80.0%
SA,brawlBall,Super Beach,MOE,1,0,0.0%
SA,brawlBall,Super Beach,MORTIS,5,1,20.0%
SA,brawlBall,Super Beach,NAJIA,1,1,100.0%
SA,brawlBall,Super Beach,NITA,1,1,100.0%
SA,brawlBall,Super Beach,OTIS,11,5,45.5%
SA,brawlBall,Super Beach,PIERCE,3,2,66.7%
SA,brawlBall,Super Beach,POCO,2,1,50.0%
SA,brawlBall,Super Beach,RUFFS,2,0,0.0%
SA,brawlBall,Super Beach,SANDY,1,1,100.0%
SA,brawlBall,Super Beach,SHADE,9,4,44.4%
SA,brawlBall,Super Beach,SHELLY,1,1,100.0%
SA,brawlBall,Super Beach,SIRIUS,2,1,50.0%
SA,brawlBall,Super Beach,STU,5,2,40.0%
SA,brawlBall,Super Beach,WILLOW,2,1,50.0%
SA,duoShowdown,Flying Fantasies,ANGELO,2,0,0.0%
SA,duoShowdown,Flying Fantasies,BYRON,2,0,0.0%
SA,duoShowdown,Flying Fantasies,JANET,2,0,0.0%
SA,duoShowdown,Flying Fantasies,SURGE,2,0,0.0%
SA,gemGrab,Deathcap Trap,ALLI,4,2,50.0%
SA,gemGrab,Deathcap Trap,BULL,1,1,100.0%
SA,gemGrab,Deathcap Trap,BYRON,1,0,0.0%
SA,gemGrab,Deathcap Trap,CHARLIE,1,1,100.0%
SA,gemGrab,Deathcap Trap,CHESTER,3,1,33.3%
SA,gemGrab,Deathcap Trap,COLETTE,3,2,66.7%
SA,gemGrab,Deathcap Trap,COLT,1,1,100.0%
SA,gemGrab,Deathcap Trap,CROW,4,2,50.0%
SA,gemGrab,Deathcap Trap,EDGAR,4,2,50.0%
SA,gemGrab,Deathcap Trap,FANG,2,0,0.0%
SA,gemGrab,Deathcap Trap,FINX,3,1,33.3%
SA,gemGrab,Deathcap Trap,GLOWY,1,1,100.0%
SA,gemGrab,Deathcap Trap,GRIFF,4,3,75.0%
SA,gemGrab,Deathcap Trap,JANET,3,2,66.7%
SA,gemGrab,Deathcap Trap,KIT,4,2,50.0%
SA,gemGrab,Deathcap Trap,LEON,3,3,100.0%
SA,gemGrab,Deathcap Trap,LILY,3,1,33.3%
SA,gemGrab,Deathcap Trap,LUMI,4,4,100.0%
SA,gemGrab,Deathcap Trap,MICO,1,0,0.0%
SA,gemGrab,Deathcap Trap,MOE,1,0,0.0%
SA,gemGrab,Deathcap Trap,MORTIS,5,2,40.0%
SA,gemGrab,Deathcap Trap,NAJIA,1,0,0.0%
SA,gemGrab,Deathcap Trap,OTIS,8,2,25.0%
SA,gemGrab,Deathcap Trap,PENNY,3,1,33.3%
SA,gemGrab,Deathcap Trap,PIERCE,3,2,66.7%
SA,gemGrab,Deathcap Trap,RUFFS,8,5,62.5%
SA,gemGrab,Deathcap Trap,SANDY,3,2,66.7%
SA,gemGrab,Deathcap Trap,SHADE,2,1,50.0%
SA,gemGrab,Deathcap Trap,SIRIUS,1,1,100.0%
SA,gemGrab,Deathcap Trap,SPIKE,1,1,100.0%
SA,gemGrab,Deathcap Trap,STU,8,1,12.5%
SA,gemGrab,Deathcap Trap,TARA,1,0,0.0%
SA,gemGrab,Deathcap Trap,TRUNK,1,1,100.0%
SA,gemGrab,Double Swoosh,ALLI,1,0,0.0%
SA,gemGrab,Double Swoosh,AMBER,1,1,100.0%
SA,gemGrab,Double Swoosh,BO,6,5,83.3%
SA,gemGrab,Double Swoosh,BUSTER,2,2,100.0%
SA,gemGrab,Double Swoosh,CHESTER,5,4,80.0%
SA,gemGrab,Double Swoosh,COLETTE,1,1,100.0%
SA,gemGrab,Double Swoosh,CROW,1,1,100.0%
SA,gemGrab,Double Swoosh,DRACO,2,2,100.0%
SA,gemGrab,Double Swoosh,EDGAR,1,0,0.0%
SA,gemGrab,Double Swoosh,FINX,2,1,50.0%
SA,gemGrab,Double Swoosh,GALE,1,1,100.0%
SA,gemGrab,Double Swoosh,GRIFF,4,0,0.0%
SA,gemGrab,Double Swoosh,KENJI,1,0,0.0%
SA,gemGrab,Double Swoosh,KIT,1,1,100.0%
SA,gemGrab,Double Swoosh,LEON,1,0,0.0%
SA,gemGrab,Double Swoosh,LILY,4,1,25.0%
SA,gemGrab,Double Swoosh,LOLA,1,0,0.0%
SA,gemGrab,Double Swoosh,LUMI,1,0,0.0%
SA,gemGrab,Double Swoosh,MAISIE,1,1,100.0%
SA,gemGrab,Double Swoosh,MEEPLE,1,0,0.0%
SA,gemGrab,Double Swoosh,MOE,6,4,66.7%
SA,gemGrab,Double Swoosh,MORTIS,2,1,50.0%
SA,gemGrab,Double Swoosh,NAJIA,2,2,100.0%
SA,gemGrab,Double Swoosh,OTIS,5,1,20.0%
SA,gemGrab,Double Swoosh,PEARL,1,0,0.0%
SA,gemGrab,Double Swoosh,PENNY,3,1,33.3%
SA,gemGrab,Double Swoosh,ROSA,1,0,0.0%
SA,gemGrab,Double Swoosh,SANDY,5,2,40.0%
SA,gemGrab,Double Swoosh,SIRIUS,1,1,100.0%
SA,gemGrab,Double Swoosh,SPIKE,1,0,0.0%
SA,gemGrab,Double Swoosh,STU,7,3,42.9%
SA,gemGrab,Double Swoosh,TARA,5,2,40.0%
SA,gemGrab,Double Swoosh,TRUNK,1,1,100.0%
SA,gemGrab,Hard Rock Mine,ALLI,1,1,100.0%
SA,gemGrab,Hard Rock Mine,BERRY,1,0,0.0%
SA,gemGrab,Hard Rock Mine,BONNIE,2,2,100.0%
SA,gemGrab,Hard Rock Mine,BULL,2,1,50.0%
SA,gemGrab,Hard Rock Mine,BUZZ,1,1,100.0%
SA,gemGrab,Hard Rock Mine,CHARLIE,7,3,42.9%
SA,gemGrab,Hard Rock Mine,CHESTER,12,4,33.3%
SA,gemGrab,Hard Rock Mine,CLANCY,1,0,0.0%
SA,gemGrab,Hard Rock Mine,COLETTE,5,3,60.0%
SA,gemGrab,Hard Rock Mine,CROW,5,2,40.0%
SA,gemGrab,Hard Rock Mine,DAMIAN,1,0,0.0%
SA,gemGrab,Hard Rock Mine,DARRYL,1,1,100.0%
SA,gemGrab,Hard Rock Mine,DOUG,1,1,100.0%
SA,gemGrab,Hard Rock Mine,EDGAR,1,0,0.0%
SA,gemGrab,Hard Rock Mine,EMZ,1,1,100.0%
SA,gemGrab,Hard Rock Mine,FANG,2,0,0.0%
SA,gemGrab,Hard Rock Mine,FINX,1,1,100.0%
SA,gemGrab,Hard Rock Mine,FRANK,1,1,100.0%
SA,gemGrab,Hard Rock Mine,GRAY,1,1,100.0%
SA,gemGrab,Hard Rock Mine,GRIFF,1,1,100.0%
SA,gemGrab,Hard Rock Mine,GUS,2,1,50.0%
SA,gemGrab,Hard Rock Mine,HANK,2,0,0.0%
SA,gemGrab,Hard Rock Mine,JACKY,1,0,0.0%
SA,gemGrab,Hard Rock Mine,JANET,2,0,0.0%
SA,gemGrab,Hard Rock Mine,KAZE,1,1,100.0%
SA,gemGrab,Hard Rock Mine,KENJI,1,0,0.0%
SA,gemGrab,Hard Rock Mine,KIT,4,4,100.0%
SA,gemGrab,Hard Rock Mine,LEON,2,0,0.0%
SA,gemGrab,Hard Rock Mine,LILY,7,2,28.6%
SA,gemGrab,Hard Rock Mine,LUMI,2,0,0.0%
SA,gemGrab,Hard Rock Mine,MAISIE,1,0,0.0%
SA,gemGrab,Hard Rock Mine,MAX,1,0,0.0%
SA,gemGrab,Hard Rock Mine,MICO,1,1,100.0%
SA,gemGrab,Hard Rock Mine,MOE,1,0,0.0%
SA,gemGrab,Hard Rock Mine,MORTIS,9,3,33.3%
SA,gemGrab,Hard Rock Mine,NAJIA,4,2,50.0%
SA,gemGrab,Hard Rock Mine,NITA,1,1,100.0%
SA,gemGrab,Hard Rock Mine,OTIS,7,5,71.4%
SA,gemGrab,Hard Rock Mine,PAM,1,1,100.0%
SA,gemGrab,Hard Rock Mine,PENNY,3,1,33.3%
SA,gemGrab,Hard Rock Mine,PIERCE,2,0,0.0%
SA,gemGrab,Hard Rock Mine,RICO,3,3,100.0%
SA,gemGrab,Hard Rock Mine,ROSA,1,0,0.0%
SA,gemGrab,Hard Rock Mine,RUFFS,7,4,57.1%
SA,gemGrab,Hard Rock Mine,SANDY,2,1,50.0%
SA,gemGrab,Hard Rock Mine,SHADE,8,6,75.0%
SA,gemGrab,Hard Rock Mine,SIRIUS,6,3,50.0%
SA,gemGrab,Hard Rock Mine,SPIKE,1,0,0.0%
SA,gemGrab,Hard Rock Mine,STU,5,5,100.0%
SA,gemGrab,Hard Rock Mine,TRUNK,2,1,50.0%
SA,heist,Bridge Too Far,BELLE,1,0,0.0%
SA,heist,Bridge Too Far,BROCK,2,1,50.0%
SA,heist,Bridge Too Far,CHUCK,1,0,0.0%
SA,heist,Bridge Too Far,COLETTE,1,0,0.0%
SA,heist,Bridge Too Far,COLT,2,1,50.0%
SA,heist,Bridge Too Far,EVE,2,2,100.0%
SA,heist,Bridge Too Far,KAZE,1,0,0.0%
SA,heist,Bridge Too Far,LOLA,1,1,100.0%
SA,heist,Bridge Too Far,OTIS,1,1,100.0%
SA,heist,Hot Potato,AMBER,1,0,0.0%
SA,heist,Hot Potato,BERRY,4,2,50.0%
SA,heist,Hot Potato,BROCK,1,0,0.0%
SA,heist,Hot Potato,BULL,1,0,0.0%
SA,heist,Hot Potato,CARL,2,1,50.0%
SA,heist,Hot Potato,CHUCK,3,0,0.0%
SA,heist,Hot Potato,CLANCY,4,2,50.0%
SA,heist,Hot Potato,COLETTE,1,0,0.0%
SA,heist,Hot Potato,COLT,5,2,40.0%
SA,heist,Hot Potato,CORDELIUS,2,0,0.0%
SA,heist,Hot Potato,CROW,3,1,33.3%
SA,heist,Hot Potato,DARRYL,2,2,100.0%
SA,heist,Hot Potato,DYNAMIKE,2,1,50.0%
SA,heist,Hot Potato,EDGAR,3,2,66.7%
SA,heist,Hot Potato,GRIFF,2,1,50.0%
SA,heist,Hot Potato,HANK,1,0,0.0%
SA,heist,Hot Potato,KAZE,3,2,66.7%
SA,heist,Hot Potato,KIT,1,0,0.0%
SA,heist,Hot Potato,LILY,4,2,50.0%
SA,heist,Hot Potato,LUMI,6,6,100.0%
SA,heist,Hot Potato,MELODIE,4,2,50.0%
SA,heist,Hot Potato,NITA,2,2,100.0%
SA,heist,Hot Potato,OTIS,5,3,60.0%
SA,heist,Hot Potato,PIERCE,2,0,0.0%
SA,heist,Hot Potato,R-T,1,1,100.0%
SA,heist,Hot Potato,RICO,3,1,33.3%
SA,heist,Hot Potato,RUFFS,2,1,50.0%
SA,heist,Hot Potato,SHADE,3,3,100.0%
SA,heist,Hot Potato,SIRIUS,4,2,50.0%
SA,heist,Hot Potato,ZIGGY,1,0,0.0%
SA,heist,Safe Zone,8-BIT,6,2,33.3%
SA,heist,Safe Zone,AMBER,1,1,100.0%
SA,heist,Safe Zone,ANGELO,3,1,33.3%
SA,heist,Safe Zone,BEA,2,2,100.0%
SA,heist,Safe Zone,BELLE,6,4,66.7%
SA,heist,Safe Zone,BERRY,5,1,20.0%
SA,heist,Safe Zone,BO,2,1,50.0%
SA,heist,Safe Zone,BROCK,2,2,100.0%
SA,heist,Safe Zone,BULL,1,1,100.0%
SA,heist,Safe Zone,BYRON,4,1,25.0%
SA,heist,Safe Zone,CARL,2,0,0.0%
SA,heist,Safe Zone,CHARLIE,1,0,0.0%
SA,heist,Safe Zone,COLETTE,3,2,66.7%
SA,heist,Safe Zone,COLT,10,8,80.0%
SA,heist,Safe Zone,CROW,3,2,66.7%
SA,heist,Safe Zone,EDGAR,2,1,50.0%
SA,heist,Safe Zone,EVE,3,2,66.7%
SA,heist,Safe Zone,FINX,1,0,0.0%
SA,heist,Safe Zone,GIGI,1,0,0.0%
SA,heist,Safe Zone,GRIFF,1,1,100.0%
SA,heist,Safe Zone,KAZE,8,4,50.0%
SA,heist,Safe Zone,LILY,1,0,0.0%
SA,heist,Safe Zone,LOLA,3,3,100.0%
SA,heist,Safe Zone,MELODIE,6,2,33.3%
SA,heist,Safe Zone,NAJIA,3,1,33.3%
SA,heist,Safe Zone,NANI,2,2,100.0%
SA,heist,Safe Zone,PENNY,7,3,42.9%
SA,heist,Safe Zone,PIERCE,2,0,0.0%
SA,heist,Safe Zone,RUFFS,1,0,0.0%
SA,heist,Safe Zone,SHADE,3,0,0.0%
SA,heist,Safe Zone,SPIKE,1,1,100.0%
SA,hotZone,Dueling Beetles,AMBER,2,1,50.0%
SA,hotZone,Dueling Beetles,BERRY,3,1,33.3%
SA,hotZone,Dueling Beetles,BO,2,1,50.0%
SA,hotZone,Dueling Beetles,BUZZ,1,0,0.0%
SA,hotZone,Dueling Beetles,CHARLIE,1,0,0.0%
SA,hotZone,Dueling Beetles,CHESTER,8,3,37.5%
SA,hotZone,Dueling Beetles,CLANCY,1,1,100.0%
SA,hotZone,Dueling Beetles,COLETTE,1,0,0.0%
SA,hotZone,Dueling Beetles,CORDELIUS,2,1,50.0%
SA,hotZone,Dueling Beetles,CROW,4,2,50.0%
SA,hotZone,Dueling Beetles,EDGAR,5,2,40.0%
SA,hotZone,Dueling Beetles,EMZ,2,2,100.0%
SA,hotZone,Dueling Beetles,FANG,1,0,0.0%
SA,hotZone,Dueling Beetles,FINX,5,3,60.0%
SA,hotZone,Dueling Beetles,GLOWY,1,0,0.0%
SA,hotZone,Dueling Beetles,GRAY,1,1,100.0%
SA,hotZone,Dueling Beetles,GRIFF,1,0,0.0%
SA,hotZone,Dueling Beetles,KAZE,3,1,33.3%
SA,hotZone,Dueling Beetles,KENJI,6,2,33.3%
SA,hotZone,Dueling Beetles,LEON,4,2,50.0%
SA,hotZone,Dueling Beetles,LOU,3,2,66.7%
SA,hotZone,Dueling Beetles,LUMI,6,5,83.3%
SA,hotZone,Dueling Beetles,MANDY,1,1,100.0%
SA,hotZone,Dueling Beetles,MEEPLE,4,3,75.0%
SA,hotZone,Dueling Beetles,MINA,4,2,50.0%
SA,hotZone,Dueling Beetles,MORTIS,4,3,75.0%
SA,hotZone,Dueling Beetles,NAJIA,1,0,0.0%
SA,hotZone,Dueling Beetles,OTIS,4,1,25.0%
SA,hotZone,Dueling Beetles,PAM,2,1,50.0%
SA,hotZone,Dueling Beetles,PIERCE,7,4,57.1%
SA,hotZone,Dueling Beetles,POCO,1,0,0.0%
SA,hotZone,Dueling Beetles,RICO,1,0,0.0%
SA,hotZone,Dueling Beetles,RUFFS,1,0,0.0%
SA,hotZone,Dueling Beetles,SHADE,1,0,0.0%
SA,hotZone,Dueling Beetles,SIRIUS,1,1,100.0%
SA,hotZone,Dueling Beetles,SQUEAK,1,1,100.0%
SA,hotZone,Dueling Beetles,STU,6,4,66.7%
SA,hotZone,Open Business,EDGAR,1,1,100.0%
SA,hotZone,Open Business,FINX,1,1,100.0%
SA,hotZone,Open Business,HANK,2,0,0.0%
SA,hotZone,Open Business,KENJI,1,0,0.0%
SA,hotZone,Open Business,LUMI,2,1,50.0%
SA,hotZone,Open Business,MINA,1,1,100.0%
SA,hotZone,Open Business,MORTIS,1,0,0.0%
SA,hotZone,Open Business,OTIS,2,1,50.0%
SA,hotZone,Open Business,STU,1,1,100.0%
SA,hotZone,Ring of Fire,ALLI,2,1,50.0%
SA,hotZone,Ring of Fire,BEA,1,1,100.0%
SA,hotZone,Ring of Fire,BERRY,1,1,100.0%
SA,hotZone,Ring of Fire,BO,1,1,100.0%
SA,hotZone,Ring of Fire,BULL,2,0,0.0%
SA,hotZone,Ring of Fire,BUZZ,1,1,100.0%
SA,hotZone,Ring of Fire,BYRON,3,2,66.7%
SA,hotZone,Ring of Fire,CHARLIE,3,3,100.0%
SA,hotZone,Ring of Fire,CHESTER,1,1,100.0%
SA,hotZone,Ring of Fire,CHUCK,2,1,50.0%
SA,hotZone,Ring of Fire,CLANCY,2,2,100.0%
SA,hotZone,Ring of Fire,CROW,1,0,0.0%
SA,hotZone,Ring of Fire,DRACO,1,1,100.0%
SA,hotZone,Ring of Fire,EDGAR,4,2,50.0%
SA,hotZone,Ring of Fire,EMZ,1,0,0.0%
SA,hotZone,Ring of Fire,FINX,11,6,54.5%
SA,hotZone,Ring of Fire,GLOWY,1,1,100.0%
SA,hotZone,Ring of Fire,GRIFF,3,1,33.3%
SA,hotZone,Ring of Fire,JUJU,1,0,0.0%
SA,hotZone,Ring of Fire,KAZE,1,0,0.0%
SA,hotZone,Ring of Fire,KENJI,1,1,100.0%
SA,hotZone,Ring of Fire,KIT,1,0,0.0%
SA,hotZone,Ring of Fire,LEON,1,0,0.0%
SA,hotZone,Ring of Fire,LOLA,3,2,66.7%
SA,hotZone,Ring of Fire,LOU,3,1,33.3%
SA,hotZone,Ring of Fire,LUMI,2,2,100.0%
SA,hotZone,Ring of Fire,MEEPLE,3,1,33.3%
SA,hotZone,Ring of Fire,MINA,4,3,75.0%
SA,hotZone,Ring of Fire,MORTIS,1,1,100.0%
SA,hotZone,Ring of Fire,OTIS,1,1,100.0%
SA,hotZone,Ring of Fire,PAM,3,1,33.3%
SA,hotZone,Ring of Fire,PIERCE,6,3,50.0%
SA,hotZone,Ring of Fire,POCO,6,1,16.7%
SA,hotZone,Ring of Fire,RUFFS,4,2,50.0%
SA,hotZone,Ring of Fire,SIRIUS,3,1,33.3%
SA,hotZone,Ring of Fire,STU,3,0,0.0%
SA,hotZone,Ring of Fire,TRUNK,2,0,0.0%
SA,knockout,Belle's Rock,ANGELO,6,4,66.7%
SA,knockout,Belle's Rock,BELLE,6,4,66.7%
SA,knockout,Belle's Rock,BERRY,1,0,0.0%
SA,knockout,Belle's Rock,BROCK,11,3,27.3%
SA,knockout,Belle's Rock,BUSTER,1,1,100.0%
SA,knockout,Belle's Rock,BYRON,8,4,50.0%
SA,knockout,Belle's Rock,CHARLIE,1,0,0.0%
SA,knockout,Belle's Rock,COLT,1,0,0.0%
SA,knockout,Belle's Rock,DARRYL,1,1,100.0%
SA,knockout,Belle's Rock,DOUG,2,1,50.0%
SA,knockout,Belle's Rock,EDGAR,5,3,60.0%
SA,knockout,Belle's Rock,FRANK,1,1,100.0%
SA,knockout,Belle's Rock,GENE,3,1,33.3%
SA,knockout,Belle's Rock,GRAY,1,1,100.0%
SA,knockout,Belle's Rock,GUS,2,1,50.0%
SA,knockout,Belle's Rock,JAE-YONG,2,1,50.0%
SA,knockout,Belle's Rock,KIT,5,1,20.0%
SA,knockout,Belle's Rock,LEON,5,1,20.0%
SA,knockout,Belle's Rock,MAISIE,1,0,0.0%
SA,knockout,Belle's Rock,MANDY,3,2,66.7%
SA,knockout,Belle's Rock,MEEPLE,4,2,50.0%
SA,knockout,Belle's Rock,MICO,3,1,33.3%
SA,knockout,Belle's Rock,MINA,11,5,45.5%
SA,knockout,Belle's Rock,MORTIS,5,3,60.0%
SA,knockout,Belle's Rock,NAJIA,3,2,66.7%
SA,knockout,Belle's Rock,NANI,3,0,0.0%
SA,knockout,Belle's Rock,OLLIE,6,4,66.7%
SA,knockout,Belle's Rock,PIERCE,3,3,100.0%
SA,knockout,Belle's Rock,R-T,6,2,33.3%
SA,knockout,Belle's Rock,RICO,9,4,44.4%
SA,knockout,Belle's Rock,RUFFS,9,6,66.7%
SA,knockout,Belle's Rock,SPROUT,2,2,100.0%
SA,knockout,Belle's Rock,SQUEAK,3,2,66.7%
SA,knockout,Belle's Rock,TICK,5,3,60.0%
SA,knockout,Goldarm Gulch,ALLI,1,0,0.0%
SA,knockout,Goldarm Gulch,ANGELO,2,1,50.0%
SA,knockout,Goldarm Gulch,BELLE,1,0,0.0%
SA,knockout,Goldarm Gulch,BROCK,6,2,33.3%
SA,knockout,Goldarm Gulch,BULL,1,0,0.0%
SA,knockout,Goldarm Gulch,BYRON,1,1,100.0%
SA,knockout,Goldarm Gulch,COLT,2,1,50.0%
SA,knockout,Goldarm Gulch,CROW,2,0,0.0%
SA,knockout,Goldarm Gulch,DARRYL,1,0,0.0%
SA,knockout,Goldarm Gulch,DOUG,1,1,100.0%
SA,knockout,Goldarm Gulch,EVE,1,0,0.0%
SA,knockout,Goldarm Gulch,FANG,1,0,0.0%
SA,knockout,Goldarm Gulch,FINX,1,0,0.0%
SA,knockout,Goldarm Gulch,GENE,2,1,50.0%
SA,knockout,Goldarm Gulch,GRAY,1,1,100.0%
SA,knockout,Goldarm Gulch,GRIFF,2,1,50.0%
SA,knockout,Goldarm Gulch,GUS,1,1,100.0%
SA,knockout,Goldarm Gulch,JAE-YONG,1,1,100.0%
SA,knockout,Goldarm Gulch,KIT,1,1,100.0%
SA,knockout,Goldarm Gulch,LEON,1,1,100.0%
SA,knockout,Goldarm Gulch,MAX,2,1,50.0%
SA,knockout,Goldarm Gulch,MORTIS,3,2,66.7%
SA,knockout,Goldarm Gulch,OLLIE,5,3,60.0%
SA,knockout,Goldarm Gulch,PEARL,1,0,0.0%
SA,knockout,Goldarm Gulch,PIERCE,2,0,0.0%
SA,knockout,Goldarm Gulch,PIPER,1,1,100.0%
SA,knockout,Goldarm Gulch,R-T,2,2,100.0%
SA,knockout,Goldarm Gulch,RUFFS,4,2,50.0%
SA,knockout,Goldarm Gulch,SPIKE,1,0,0.0%
SA,knockout,Goldarm Gulch,SQUEAK,2,2,100.0%
SA,knockout,Goldarm Gulch,ZIGGY,1,1,100.0%
SA,knockout,Out in the Open,ANGELO,2,0,0.0%
SA,knockout,Out in the Open,BELLE,2,0,0.0%
SA,knockout,Out in the Open,BROCK,1,1,100.0%
SA,knockout,Out in the Open,BYRON,2,2,100.0%
SA,knockout,Out in the Open,COLETTE,2,0,0.0%
SA,knockout,Out in the Open,COLT,1,1,100.0%
SA,knockout,Out in the Open,CROW,1,0,0.0%
SA,knockout,Out in the Open,EVE,1,1,100.0%
SA,knockout,Out in the Open,LEON,2,2,100.0%
SA,knockout,Out in the Open,MEEPLE,1,1,100.0%
SA,knockout,Out in the Open,MINA,1,1,100.0%
SA,knockout,Out in the Open,PENNY,1,0,0.0%
SA,knockout,Out in the Open,SQUEAK,1,0,0.0%
